id,scores
990001,0.994483733
990002,1.642064053
990003,2.643156928
990004,0.717472184
990005,3.650079009
990006,-0.617245248
990007,-0.070157402
990009,2.566270078
990010,0.715761573
990011,2.939868112
990012,0.948581236
990013,1.301712591
990014,3.776511527
990015,3.362528081
990016,3.881389775
990017,2.25819037
990018,3.977019264
990019,4.81169524
990020,0.279369224
990021,2.212356285
990022,-4.323701726
990024,1.665821703
990025,-5.558154761
990026,2.287370361
990027,-5.996055114
990028,1.330796261
990029,2.324511848
990030,2.048330357
990031,3.136190951
990032,3.757854859
990034,-4.50191334
990035,3.103671882
990036,-0.423767607
990037,-0.179011679
990038,-0.293240019
990039,-1.423982369
990040,-1.152778456
990041,4.186232852
990042,2.00299145
990043,2.211444464
990044,1.275270756
990045,3.823334316
990046,-1.137719633
990047,1.630945845
990048,3.166395419
990049,-3.065688104
990050,-2.277423288
990051,-3.880017901
990052,2.348007328
990053,1.149905334
990054,3.227415468
990055,-4.641740778
990056,-4.321094515
990057,-0.250724471
990058,-0.35508419
990059,1.756042215
990060,2.515285777
990061,2.206131244
990062,-2.774866806
990063,2.931226931
990064,4.970622249
990065,2.169283756
990066,2.183231739
990067,-4.786564219
990068,-3.733815733
990069,3.34534064
990070,-4.51870342
990071,3.397461695
990072,1.413913486
990073,4.86328444
990074,-5.958632886
990075,1.393826954
990076,0.75556002
990077,2.130335975
990078,2.166773883
990079,-1.19081636
990080,3.733671324
990081,1.835429317
990082,-5.988593169
990083,2.848527918
990084,1.051965696
990085,-5.991990245
990086,2.748461687
990087,1.281731908
990088,2.916334122
990089,3.636683405
990090,1.840470084
990091,-5.996301577
990092,-5.995650489
990093,1.28650659
990094,1.857367205
990095,3.774671756
990096,0.338789893
990097,-5.994527983
990098,0.272618969
990099,-0.932848965
990100,-0.912252985
990101,2.469594449
990102,2.538512634
990103,-1.608265589
990104,-1.903097583
990105,-1.238815699
990106,0.696368608
990107,2.158056573
990108,-1.236807434
990109,1.37173987
990110,1.000387264
990111,0.899593892
990112,-0.350694645
990113,1.651188417
990114,4.002208646
990115,1.017228735
990117,5.578139898
990118,0.732234876
990120,2.182251194
990121,0.264844511
990122,0.031468028
990123,1.283069488
990124,0.617818398
990126,4.78828853
990127,-5.993387788
990128,1.504969685
990129,1.082279703
990130,-3.510361668
990131,-2.787277519
990132,1.611670766
990133,1.163875257
990134,1.043153707
990135,1.302774065
990136,1.533979528
990137,3.768213798
990138,3.684228128
990139,0.631371457
990140,-0.496060892
990141,4.234760425
990142,-5.905611458
990143,4.891415071
990144,-0.081162553
990145,1.441083351
990146,1.556774542
990147,-2.197336874
990148,0.845030515
990149,2.033220999
990150,-1.799939752
990151,4.909193752
990152,-5.838097278
990153,-5.827462544
990154,2.873419132
990155,1.40812584
990156,1.712129954
990158,-0.037911214
990159,-2.298128561
990161,1.498490878
990162,4.218540784
990163,4.191986613
990164,1.006289044
990165,1.472132623
990166,1.962775908
990167,-1.799207873
990168,2.645084623
990169,-0.243492612
990170,-0.063869838
990171,2.437231885
990172,3.069801791
990173,3.079591679
990174,3.273436662
990175,4.151221972
990177,2.908305522
990178,1.726579017
990180,-1.014595798
990182,1.20308819
990183,1.020635345
990184,2.135268053
990185,2.512823375
990186,-3.408900938
990187,-0.571757093
990188,2.796832
990189,2.693786946
990191,2.003649101
990192,-0.540443914
990193,3.98707014
990194,-4.95362067
990195,-3.425859218
990196,-5.07374909
990197,2.354966442
990198,2.44829771
990199,-1.906696235
990200,2.97410831
990201,0.953601804
990202,1.026976545
990203,1.283687814
990205,-0.76310282
990206,-1.297899355
990207,1.444574368
990208,1.240843167
990209,2.533490083
990210,1.030399371
990211,0.431848107
990212,0.475762364
990213,4.036779282
990214,1.754270044
990215,5.562340387
990216,1.422463526
990217,-4.976716512
990218,3.745013454
990219,-1.255222184
990220,-0.970944911
990221,-4.090341001
990222,1.973429484
990223,1.238470857
990224,3.649213865
990225,3.807569549
990226,-0.953707325
990227,0.351459573
990228,-0.032568599
990229,3.998505956
990230,1.281830591
990231,0.976011358
990232,1.031043057
990233,1.050706906
990234,2.413958321
990235,2.492139162
990236,1.369937948
990237,2.933903253
990238,-2.435433566
990239,0.967848471
990240,-4.569094354
990241,3.533559786
990242,1.214027588
990244,-1.554516714
990246,1.16054632
990247,3.705349756
990248,3.700856069
990249,2.191695343
990250,4.071125466
990252,0.969633863
990253,1.754708384
990254,3.91952436
990255,1.524267228
990256,3.882384855
990257,1.982084374
990258,0.69935154
990259,-0.850232925
990260,0.944469243
990261,3.831890538
990262,-5.996320028
990263,-1.345818544
990264,1.062605453
990265,1.436569726
990267,5.503882805
990268,-5.989918131
990269,1.913317131
990270,0.610369952
990271,-5.995542127
990272,1.483917383
990273,1.289677409
990275,1.681412761
990276,1.585909139
990277,-3.342579389
990278,-2.450598506
990279,1.906205091
990280,1.206260168
990281,1.475381663
990282,2.365820654
990283,-1.801076963
990284,2.107722359
990285,0.867202545
990286,1.773065196
990287,-5.017376887
990288,0.151985735
990289,1.463752153
990290,1.304115899
990291,0.008260146
990292,0.952324092
990293,3.360567442
990294,-5.986178363
990295,-5.971607062
990296,1.721108461
990297,3.109244619
990299,2.565356079
990300,0.274476948
990302,1.768456698
990303,0.81571145
990304,1.943169564
990305,2.236068971
990306,2.413039558
990307,-5.962712414
990309,2.233108271
990310,-5.991398249
990311,-5.99155825
990312,2.459449235
990313,4.144841369
990314,2.00839778
990315,0.910893078
990316,-2.127704919
990317,-2.163286131
990318,1.337083894
990319,1.065243946
990320,1.715987548
990321,-1.844109952
990322,-1.638212677
990323,2.18411046
990324,2.542056727
990325,0.472649108
990326,1.893137762
990327,-5.983571595
990328,-5.990564471
990329,4.149192115
990330,0.944480833
990331,1.978429541
990332,0.596258364
990333,1.846210741
990334,1.779673229
990335,-5.994240103
990336,3.146979065
990337,1.492043178
990338,1.352932372
990339,-1.014857907
990340,1.495135511
990341,-2.962714138
990342,0.076552008
990343,-2.526959786
990344,2.007243423
990345,2.197458921
990346,2.443283804
990347,1.111979202
990348,1.124608505
990349,2.300424047
990350,2.016513319
990351,2.13947837
990352,-5.964843639
990353,-5.967955594
990354,-5.97338632
990355,-5.991678232
990356,1.476064464
990357,1.471479827
990358,-0.498527097
990359,-0.29572971
990360,1.467445228
990361,1.692130916
990362,1.853771541
990363,0.043574302
990364,-2.743666048
990365,1.533138736
990366,-3.844043292
990367,1.314695672
990368,2.847210315
990369,-1.305886231
990370,2.227325067
990371,5.248258589
990372,-2.361889167
990373,1.95407907
990374,1.990839509
990375,1.281281908
990376,-1.575788796
990377,-1.673733543
990378,1.471632183
990379,0.057629255
990380,0.253528939
990381,2.062203151
990382,2.495588948
990383,1.452472248
990384,1.092777796
990385,0.340199613
990386,-0.20274913
990387,-0.131328611
990388,-1.839764682
990390,-0.496660318
990391,-0.689375111
990392,0.63662497
990393,2.689587055
990395,2.391741454
990396,2.589161544
990397,2.210010781
990398,2.761628822
990399,-5.332311509
990400,-4.169464473
990401,0.759514989
990402,0.885188517
990403,1.953200685
990405,4.968627575
990406,2.153077172
990407,0.454455274
990408,1.660763581
990409,3.986303982
990410,-1.154942662
990411,-1.871156969
990414,-5.519127931
990415,1.223047255
990416,1.242988759
990417,1.827005289
990418,2.5324337
990419,3.998119112
990420,4.033291987
990421,2.977417817
990422,3.199218709
990423,-0.398914955
990424,-2.364254387
990425,1.279006289
990426,1.538410591
990427,1.750889994
990428,-4.195516452
990429,-3.909150789
990431,4.031067712
990433,-3.954776266
990434,4.867654569
990435,4.83114051
990436,-5.997073467
990437,-0.162579273
990438,3.223861994
990439,3.927417425
990440,-0.966885473
990441,-1.09422254
990442,2.329137584
990443,1.800229412
990444,2.576004612
990445,0.287645542
990446,1.480293776
990447,1.060712521
990448,3.505679505
990449,1.929830192
990450,5.517618181
990451,-2.795293568
990452,3.265686154
990453,0.833710262
990454,1.096040769
990455,1.949242915
990456,0.891071028
990458,-0.309190422
990459,-1.093281779
990460,2.55463155
990461,2.372144766
990462,2.444842248
990463,3.484799193
990464,-5.991674897
990465,1.764753412
990466,3.785341988
990467,0.686376907
990468,1.195862481
990469,-4.820145784
990470,1.921769384
990471,1.090358399
990472,1.217677834
990473,1.39516669
990474,4.041176023
990475,0.309166089
990476,1.27153661
990477,0.704981906
990478,1.783463164
990479,-1.391349515
990480,2.256976931
990481,2.643083859
990482,1.122429122
990483,-2.255095675
990484,-1.069805664
990485,-1.032912024
990487,-0.358789557
990488,1.883503918
990489,-0.764607407
990490,-0.49525955
990491,-2.27211712
990492,0.433291057
990493,-2.361107978
990494,3.126329208
990495,4.298902318
990496,2.045661201
990497,-4.371279098
990498,2.656768816
990499,1.138796371
990500,3.921484591
990501,1.027893292
990502,1.067671794
990503,3.358435647
990504,2.612692723
990505,3.407771456
990506,1.151840571
990507,-0.482603924
990508,1.818863526
990509,-5.954988466
990510,1.623727811
990511,1.748226533
990512,-2.360976376
990513,2.290614501
990514,2.043083504
990515,2.032717187
990516,1.85293233
990517,2.069928779
990518,-1.702785955
990519,-5.97384186
990520,-0.630028366
990521,-5.898675328
990522,4.47946322
990523,1.754081889
990524,1.718465994
990525,-4.11323247
990526,1.327188624
990527,-0.785221284
990528,-0.291450807
990530,2.094708286
990531,3.101487468
990532,0.192893053
990533,4.565143894
990534,0.783425072
990535,1.667324835
990536,-5.988380855
990537,1.61155294
990538,-0.314549821
990539,0.615092302
990540,1.906484325
990541,2.08472954
990542,2.400936247
990544,2.584543257
990545,2.641248882
990546,4.603530959
990547,3.26782165
990548,4.172236554
990549,3.670033591
990550,-5.992679282
990551,1.373575688
990552,3.132128978
990553,3.266628158
990554,1.955192448
990555,1.627159823
990556,2.722280714
990557,5.070440948
990558,4.676266387
990559,4.290989537
990560,3.003557384
990562,4.7168929
990565,0.998787523
990566,-2.038269618
990567,1.238076681
990568,-0.365377108
990569,1.876345503
990570,-1.388456941
990571,1.119019604
990572,-0.438177725
990573,-1.996824446
990574,2.245818176
990575,-3.087222362
990576,2.307241291
990577,2.599243039
990578,1.47233072
990579,1.561043253
990580,3.697536307
990581,2.594576652
990582,2.353807667
990584,-4.916515471
990585,3.743662938
990586,1.526596027
990587,-0.532224411
990588,2.490816034
990589,2.194467255
990590,0.389542694
990591,-0.085217503
990592,3.579634054
990593,1.287789219
990594,1.606741844
990595,2.756525518
990596,3.903665814
990597,2.249136503
990598,0.390566695
990599,0.534088984
990600,1.852331739
990601,1.941078773
990602,-0.249062049
990603,1.553842808
990604,4.229181371
990605,3.189828649
990606,3.640118065
990607,3.780838429
990608,2.149279478
990609,2.305297405
990610,1.93649271
990611,0.609802276
990612,-2.797144473
990613,0.274985066
990614,-5.99490793
990615,2.00815357
990616,-5.995133945
990617,-5.992666553
990618,2.734901272
990619,3.026330053
990620,4.573419561
990621,0.125058403
990622,-0.03655384
990623,0.012490999
990624,0.57705675
990625,1.094785339
990626,1.358907166
990627,1.739487656
990628,-0.639802716
990629,3.742349182
990630,1.758674403
990631,-5.843684094
990632,0.977479291
990633,1.344790385
990634,-3.152413017
990635,1.515280304
990636,-1.995795847
990637,-1.893336611
990638,-2.387292227
990639,2.787259068
990640,1.36800862
990641,-1.58830029
990642,-1.677091346
990643,0.244928331
990644,1.512895529
990645,-1.700429788
990646,3.878286866
990647,4.559209259
990648,-5.995184634
990649,-1.832069813
990651,5.18238349
990652,3.491955348
990653,3.865087308
990654,-1.303777395
990655,1.424222568
990656,-2.819107806
990657,-5.64491649
990658,-5.62485839
990659,0.854903454
990660,1.259179549
990661,-0.905154982
990662,-0.322425441
990663,2.399189231
990664,0.921781021
990665,5.130632324
990666,0.382105096
990667,0.639962126
990668,3.686963716
990669,0.769882038
990670,-1.576600813
990671,1.68058935
990672,-5.990322667
990673,1.779130983
990674,-0.635975016
990675,1.686345281
990676,1.626833013
990678,1.235365026
990679,-5.991730124
990680,-5.989821604
990681,-5.93446362
990682,-5.995428132
990683,-0.178442448
990684,-1.322206174
990685,-1.616485888
990686,-3.969982645
990687,1.315666663
990688,1.094535463
990690,1.249004364
990691,-2.926828363
990692,2.702172203
990693,0.933169934
990695,1.762923931
990696,0.525290688
990697,0.577488935
990698,0.847738903
990699,1.029559492
990700,-0.288399335
990701,0.039919311
990702,1.605604842
990703,1.570624935
990704,2.722970742
990705,-0.396815579
990706,0.724536708
990707,4.795737279
990708,4.440515681
990709,-2.332754578
990710,4.454916589
990711,5.228015173
990712,5.054218358
990713,-2.116460653
990714,1.310581218
990715,2.174715039
990716,1.9642092
990717,2.063256018
990718,1.726181991
990719,-5.919374016
990720,-5.797628075
990721,0.728012539
990722,0.59740498
990723,0.261743004
990724,0.552342837
990725,2.826604314
990726,2.616018525
990727,-2.64400949
990728,0.151201524
990729,-0.036538464
990730,-4.215923049
990731,2.27487924
990732,2.131324156
990733,0.444449461
990736,3.971144959
990737,0.775046583
990738,1.858683717
990739,1.633852288
990740,4.678217169
990741,1.861839946
990742,4.158769723
990743,4.663185105
990744,4.589101752
990745,5.316569723
990746,3.446970188
990747,1.714019591
990748,1.469082484
990749,1.12855616
990750,2.009651914
990751,-4.779005071
990752,-5.67676455
990753,-4.181645932
990754,-4.548855161
990755,-0.134101719
990756,-5.624351992
990757,-5.278820701
990758,3.353205459
990759,-3.14752181
990760,4.343319515
990761,3.84172258
990762,0.625143022
990763,-5.875461454
990764,1.741843043
990765,-5.99699026
990766,3.427048222
990767,1.714389645
990769,2.776413418
990770,0.36966639
990771,0.711834867
990772,1.800189629
990773,3.846070176
990774,2.935440172
990775,-5.996183086
990776,1.212510436
990777,1.097709134
990778,3.678256105
990779,-0.387077113
990780,-2.464893056
990781,-2.089769844
990782,3.48351364
990783,5.694425964
990784,0.925438075
990785,1.356792475
990786,2.314167444
990787,0.956662014
990788,1.649454026
990789,1.513616107
990790,-5.5777695
990791,2.453306683
990792,4.107377983
990793,1.252514676
990794,3.5853837
990795,0.412447331
990796,-0.233838951
990797,1.349447667
990798,1.515024056
990799,-4.283381796
990800,-5.950061199
990802,1.491602978
990803,-5.954241243
990804,-5.875177171
990806,1.123331601
990807,0.205569153
990808,-5.192302673
990809,-3.694151538
990810,0.809685226
990811,-5.859717495
990813,0.759484471
990814,0.851812089
990815,-0.8574455
990816,-1.05146372
990817,-0.396655608
990818,2.366394388
990819,1.949720756
990820,-0.536686021
990821,-0.85053403
990822,-1.620445158
990823,3.152002409
990824,0.024341205
990825,0.262669355
990826,-1.761050043
990828,1.217334167
990829,2.266232646
990830,3.901781483
990831,4.047421034
990832,-2.474028139
990833,2.561422345
990834,-0.303636574
990835,3.741968863
990836,2.987013413
990837,3.563177828
990838,2.494568841
990839,-0.425272963
990840,-0.18672112
990841,-2.670445556
990842,-2.627554239
990843,2.201103844
990844,1.773154476
990845,3.477541977
990846,1.833854364
990847,-0.001843655
990848,1.052893447
990849,3.923718334
990850,0.300512076
990851,-5.998370992
990852,-1.167758467
990853,1.626828484
990854,1.778745014
990855,1.816800766
990856,-3.254185615
990857,-2.576773885
990858,-5.999080914
990859,0.001745351
990860,0.283225691
990861,2.302552169
990862,3.195408631
990863,1.495769813
990864,1.776683814
990865,2.075559986
990866,-5.992641333
990868,0.328500417
990869,3.044731432
990870,2.171182804
990872,2.381042622
990873,3.880208347
990874,3.458851537
990875,1.321439858
990876,2.979199347
990877,3.441230178
990878,2.447225547
990879,1.270197431
990880,1.315322001
990881,1.482118137
990882,0.829307388
990883,0.686144501
990884,1.277067336
990885,4.923566583
990886,-5.992659566
990887,2.539213934
990889,1.423901274
990890,3.912485036
990891,-1.051556988
990892,2.234444813
990893,0.706949247
990894,0.423981315
990895,3.048398432
990896,1.911701569
990897,-1.078995979
990898,0.575535097
990900,-5.992305711
990901,-5.941010579
990902,-5.791996404
990903,5.218998299
990904,-1.170856158
990905,1.315607421
990906,-0.906428553
990907,-0.702567956
990908,0.787933914
990909,-1.690943825
990910,-2.527043564
990911,-1.595879616
990912,0.152884762
990913,-0.138650773
990916,5.319644459
990917,0.789029925
990919,-0.127416254
990920,0.28262759
990921,1.255019379
990922,1.432668914
990923,4.094132214
990924,-0.474217409
990926,0.278182876
990927,-5.933715077
990928,0.132154327
990929,-1.564742665
990930,-0.709075773
990931,-1.143531069
990932,-0.159084874
990933,-2.775856105
990934,0.299336164
990935,-0.052999063
990936,1.840537779
990937,0.902292708
990938,1.311826425
990939,0.837527159
990940,0.619641435
990941,3.437618601
990942,3.277471682
990943,3.476006504
990944,4.934430279
990945,5.43725385
990946,4.758915863
990947,1.248896747
990948,2.197720457
990949,1.011576211
990950,0.639160754
990951,1.505541627
990952,1.385691231
990953,3.406775911
990954,2.447889453
990955,-0.050473453
990956,-5.950843734
990957,-5.991013088
990958,0.542104969
990959,0.644954342
990960,4.844974324
990961,-0.097411936
990962,-1.05084007
990963,-0.943532225
990964,4.536025797
990965,1.16947472
990966,1.747763412
990967,-5.983392867
990968,1.156957265
990969,0.404914196
990970,-0.308001433
990971,0.940139274
990972,0.706828376
990973,0.921145777
990974,3.430744265
990975,3.526852934
990976,-5.99234875
990977,-5.995663845
990978,1.131130655
990979,1.120042738
990980,-0.793707601
990981,-5.991104054
990982,-5.99116892
990983,0.956125967
990984,2.96963151
990985,1.192024416
990986,-0.223206365
990987,0.021234741
990988,-0.97218833
990989,-0.968212809
990990,3.849425725
990991,1.271527501
990992,3.461183009
990993,-4.781519666
990994,-4.20179772
990995,1.395103351
990996,2.047408208
990997,1.365084404
990998,1.669291905
990999,0.160530144
991000,0.432222257
991001,1.332165752
991002,2.33679767
991003,0.954559473
991004,1.343042597
991005,2.384266156
991006,2.386791336
991007,1.423062871
991008,-5.99058143
991009,-0.452254217
991010,-0.328583006
991011,-0.229032107
991012,2.197906996
991014,0.70220137
991015,-0.061045897
991016,0.250538118
991017,-5.997774862
991018,-5.994811592
991019,2.348815483
991020,1.535927674
991021,1.284153732
991022,-1.439287707
991023,-1.103099628
991024,3.554646166
991025,-1.235979324
991026,-0.827622095
991027,0.303245264
991028,-5.997517407
991029,-5.993239198
991030,2.450377297
991031,2.438211964
991032,2.42949351
991033,-5.98074719
991034,4.072715357
991035,4.167878667
991036,1.731222139
991037,4.521210017
991038,0.894856048
991039,-5.996552574
991040,3.349302769
991041,2.87562868
991042,1.37624908
991043,-5.359798807
991044,0.021688646
991045,-0.049427134
991046,0.769593974
991047,2.832757043
991048,2.286224891
991049,-0.364305223
991050,-5.995091996
991051,4.328793866
991052,-4.070664386
991053,3.326370315
991054,1.614226423
991055,4.291041922
991056,1.301338088
991057,1.628261642
991058,-5.463284339
991059,-4.129016453
991060,2.315831748
991061,2.329198428
991062,-1.209602987
991063,3.439019063
991064,3.723505352
991065,4.360121554
991066,0.793707021
991067,-3.720994248
991068,-1.643639841
991069,-1.452944947
991070,0.583904629
991071,0.968811879
991072,1.262019983
991073,0.110828054
991074,1.680849795
991075,-5.993295591
991076,3.089912493
991077,-0.961048032
991078,-0.709714033
991079,1.35805822
991080,1.27838516
991081,2.583154479
991082,-2.385522365
991084,-4.929249288
991085,3.228501728
991086,1.928834432
991087,0.255916908
991088,0.359274593
991089,4.964919033
991090,0.763928772
991092,-2.803262334
991093,-0.583709369
991094,0.129028515
991095,-2.883360244
991096,1.899308527
991097,2.68979849
991098,0.052496555
991099,-2.639664938
991100,3.318980766
991101,-0.476390423
991102,2.967749798
991103,4.135945426
991104,1.007301895
991105,0.195078285
991106,-0.454628513
991107,2.602842483
991108,4.61307775
991109,1.0159246
991110,4.107849265
991111,-5.949819951
991112,0.236647067
991113,4.362736948
991114,3.703284572
991115,-0.109254628
991116,0.848159151
991117,-0.489783511
991118,-0.387175407
991119,0.879403535
991120,2.350996945
991121,2.587835488
991122,3.676072752
991123,1.342445615
991124,0.761374888
991125,-0.580896629
991126,2.145265374
991127,2.388884127
991128,2.443895781
991129,-0.669701741
991130,-5.937776322
991131,3.256123365
991132,3.550604734
991133,1.796202421
991134,1.845250831
991135,-0.339860431
991136,-0.392263529
991137,-5.912691489
991138,2.683334726
991139,0.927882145
991140,0.885872703
991141,-0.628893428
991142,-0.926908592
991143,-1.583579699
991144,1.269620111
991145,-4.098050572
991146,-4.230730768
991147,1.382903127
991148,4.457408738
991149,1.025380748
991150,1.744412019
991151,1.405847798
991152,0.658052672
991153,-1.629513434
991154,-5.970789972
991155,2.040621779
991156,0.110668425
991157,0.879009495
991158,4.500562165
991159,-1.596699435
991160,1.117474571
991161,1.952910195
991162,-1.494287992
991163,-1.013886439
991164,1.209976981
991165,1.311103288
991166,-0.207123701
991168,-1.362077237
991169,-0.61207252
991170,-1.182651501
991171,-1.06857862
991172,2.030503197
991173,1.103970225
991174,-2.856545787
991175,-2.557484324
991176,-2.706974403
991177,-5.587396811
991178,1.529488432
991180,-0.946660279
991181,0.414323802
991182,0.677800188
991183,-1.336903153
991184,-2.210221792
991185,1.011788945
991187,-1.540854502
991188,-2.081527258
991189,1.438897789
991190,-5.584271511
991191,-1.333221846
991192,0.529635226
991193,0.25353398
991194,2.224601108
991195,-5.998534554
991196,-0.502126297
991197,-0.918546983
991198,2.460306929
991199,-2.355476295
991200,3.391493226
991201,1.684962541
991202,2.089423018
991203,0.775429721
991204,2.053895383
991205,2.33615963
991206,3.990163524
991207,0.821849654
991208,-0.547248356
991209,2.268778632
991210,-2.22783964
991211,-4.114031105
991212,-1.963134027
991213,1.14548113
991214,4.101186183
991215,3.500346911
991216,-1.031593486
991217,-0.579672584
991218,2.831569791
991219,2.77109196
991220,-2.196121588
991221,-0.017081512
991222,-0.52766316
991223,0.146814583
991224,-0.653437576
991225,1.186872379
991226,2.670967686
991227,2.617269854
991228,0.070844117
991229,-0.028481054
991230,-0.074588465
991231,0.342377675
991232,0.110724782
991233,-0.068471316
991234,-1.854792845
991235,3.154551169
991236,-5.675378158
991237,1.23878745
991238,1.596314949
991240,3.627042538
991241,3.444921125
991242,-2.033360452
991243,-2.018070753
991244,-0.01632852
991245,0.091315703
991246,1.430301344
991247,-3.332716902
991248,-1.936045158
991249,1.03972952
991250,1.394137807
991251,0.960880243
991252,-0.315972539
991253,-0.426225298
991254,3.679566776
991255,1.065734407
991256,0.775242152
991257,-3.238212986
991258,-5.969858581
991259,2.164346039
991260,2.446442008
991261,2.891136793
991262,-0.881464408
991263,1.07421662
991264,-0.282076227
991265,1.565382323
991266,1.514796911
991267,2.279814156
991268,1.188024855
991269,0.25506967
991270,1.102184124
991272,-5.992500802
991273,1.75525214
991274,0.67336831
991275,-3.892022016
991276,-0.864147334
991277,-2.517034462
991278,-0.000539501
991279,-5.97749878
991280,1.44822333
991281,0.543178276
991282,0.254838807
991283,4.299101964
991284,2.520350917
991285,1.633466768
991286,1.19408328
991287,3.19161035
991288,-2.781338898
991289,1.12685776
991290,1.422540103
991291,5.460664762
991293,-0.036404662
991294,0.226033402
991295,1.973321217
991296,-2.092714334
991297,-5.985969843
991298,-1.46480741
991299,-1.51256476
991300,-1.44680512
991301,1.573550796
991302,1.710212711
991303,0.74898307
991304,-1.887063594
991305,-2.099797555
991306,0.413617641
991307,0.240404412
991308,3.112134225
991309,2.067165963
991310,2.125475476
991311,0.142011881
991313,-5.996960514
991314,0.773837781
991315,3.21474245
991317,2.354882138
991318,2.257810913
991319,2.513405689
991320,0.579286473
991321,-5.791501747
991322,-5.692247607
991323,-0.254918971
991324,-0.286569861
991325,1.456435112
991326,1.7157177
991327,2.049470153
991329,1.961139497
991330,3.305374138
991331,1.14770594
991332,2.356114432
991333,1.108374158
991334,1.020700821
991335,1.348778619
991336,2.780341483
991337,1.56320253
991338,-1.666216398
991339,1.198274576
991340,2.422027061
991341,2.910457421
991342,-0.422926271
991343,-0.091317068
991344,1.652494278
991345,-0.175310179
991346,-1.874722133
991348,-0.560114303
991349,-5.993045709
991350,-2.094811643
991351,-0.734480081
991352,1.710633868
991353,1.696286077
991354,2.415058994
991355,-0.989587897
991356,-1.644110218
991357,0.544270603
991358,-0.648719118
991359,-5.988089645
991360,0.851959146
991363,-1.611918228
991364,-1.013983028
991365,-3.220061788
991366,-2.882671669
991367,1.758269814
991368,2.67934415
991369,1.689352617
991370,-5.282677819
991371,2.330261334
991372,1.755219303
991373,-5.968079068
991374,0.593672895
991375,3.097045971
991376,1.593137152
991377,2.0142508
991378,0.812292065
991379,-1.531123506
991380,-1.307304443
991381,-0.831301608
991382,5.142048318
991384,1.176383396
991385,-0.201002291
991386,-0.823012714
991387,0.778326376
991388,0.689142453
991389,1.373846482
991390,1.2241643
991391,1.12975027
991392,1.310831161
991393,-0.453924364
991394,1.395381338
991395,3.785759881
991396,-4.135473138
991397,0.575931178
991398,-0.096660718
991399,0.313650801
991400,-5.987188889
991401,-0.375058148
991402,0.905329296
991403,4.59706319
991404,4.382899063
991405,-1.624477244
991406,1.688632768
991407,-0.407222855
991408,-4.055869731
991409,-1.183096753
991410,-1.251830011
991411,-1.025982519
991412,-1.171764868
991413,-1.503459228
991414,2.251230704
991415,-1.863668139
991416,-2.313831663
991417,2.058759062
991419,3.138126246
991420,0.931081339
991421,3.227159114
991422,3.414987352
991424,3.253450091
991425,2.824281025
991426,2.812000489
991427,2.531736851
991428,0.14470734
991430,3.615732869
991431,1.45103119
991432,3.80456638
991433,3.610649395
991435,2.624589536
991436,2.021537658
991437,2.838413086
991438,3.687970597
991440,2.704462007
991442,2.966270791
991443,2.982654155
991445,3.261185413
991446,3.117775105
991447,1.73721318
991448,3.477149317
991449,3.041069528
991451,1.184347561
991452,2.622948856
991453,2.3808039
991454,3.731768674
991455,1.6044322
991456,0.240595093
991457,1.207582604
991458,1.675428898
991459,3.028803136
991460,-4.314858388
991461,-3.906285386
991462,3.423395068
991463,0.917614834
991464,1.01040474
991465,-5.994393081
991466,-5.98428688
991467,1.297817607
991468,0.410863881
991470,0.008523381
991471,-2.865799268
991472,-4.001215442
991473,-3.755036224
991474,2.377496212
991475,2.00943804
991476,1.557572127
991477,-2.417604119
991479,2.906280249
991480,5.301544676
991481,3.874329335
991482,0.39829399
991483,2.854057703
991484,3.265564412
991485,2.004325213
991486,1.783961862
991487,2.436035246
991488,2.853848479
991489,3.081662407
991490,2.982123214
991491,3.660567478
991492,1.246121965
991493,1.050084987
991495,0.803057699
991497,2.911682198
991498,2.526508833
991499,2.933517361
991500,2.897430077
991501,3.23785521
991502,2.6255446
991503,2.889823283
991504,3.747391734
991505,3.330333327
991506,-1.563993564
991507,-2.923112123
991508,-1.303222241
991510,2.4502026
991511,-3.213138501
991512,0.194824294
991513,-0.898172578
991514,-1.034697811
991515,-4.054752714
991516,-4.212992706
991517,-0.896989983
991518,1.331098942
991519,3.805445088
991520,-3.844162045
991521,-1.552811125
991522,-1.555149096
991523,1.066012101
991525,0.774667822
991527,1.034246662
991528,-3.907137568
991529,-2.985224056
991530,-2.578270044
991531,0.38207716
991532,0.385477491
991533,0.395639785
991534,-1.413129864
991535,-5.998771011
991536,-2.232025848
991537,-5.998508614
991538,3.650447086
991539,0.314520959
991540,2.40648313
991541,-3.79144601
991542,-0.321265648
991543,-5.990031575
991544,-4.828895032
991545,-3.895021599
991546,-2.698676762
991547,1.237744481
991548,0.22808729
991549,-2.964132499
991550,-2.913498041
991551,2.297704122
991552,2.44070387
991553,-3.325506101
991554,-2.127062775
991555,-2.21488736
991556,0.519480959
991557,-2.733910624
991558,-5.986627218
991559,-5.957266403
991560,-0.113526593
991561,-2.38513126
991562,-1.771357586
991563,-3.348429318
991564,-1.908408487
991565,-2.05349802
991566,-0.553823047
991567,2.68744751
991568,3.314878325
991569,-1.942348197
991570,2.324379196
991571,4.365868545
991572,1.635472448
991573,4.861994819
991574,3.19156639
991575,3.583716509
991576,2.136139251
991577,1.132266577
991578,1.417776382
991579,1.596239024
991580,2.311917867
991581,2.255181381
991582,1.781060266
991583,1.265945941
991584,0.778011353
991585,0.065259791
991586,0.196594721
991587,1.729080776
991588,1.101635213
991590,2.419241546
991591,1.70645601
991593,1.113286072
991594,1.802241197
991596,0.557249938
991597,-0.279746245
991598,2.83276104
991599,1.638867794
991600,1.956868125
991601,1.088328211
991602,-0.86313052
991603,1.503515969
991604,3.189602096
991605,3.589971954
991606,3.279076153
991607,3.783873797
991608,1.803717534
991609,2.100243835
991610,2.540640655
991611,1.865099154
991612,0.544602009
991613,0.089938726
991614,0.831609491
991615,1.787531882
991616,3.088783846
991617,-0.50463061
991618,-0.396099083
991619,2.975613098
991620,3.153897982
991622,2.157549821
991623,2.382702496
991624,-5.94379016
991625,-5.936778329
991627,0.016504158
991628,5.077622159
991629,0.803952754
991631,2.664305007
991632,4.054221886
991633,2.146094969
991634,0.44897993
991635,-0.347148426
991636,-0.459026628
991637,0.386686052
991639,3.563623253
991641,-5.94860779
991642,-5.89567871
991643,-1.195177366
991644,-0.161053766
991645,3.393326309
991646,2.939510348
991647,3.879377309
991648,0.940483006
991649,1.335699457
991651,2.236953726
991652,0.75604604
991653,2.109370375
991654,-0.424934689
991655,4.41986539
991656,0.399133318
991657,0.103569781
991658,-5.985512209
991659,-5.972798151
991660,-0.184076875
991661,2.335792972
991662,-0.68527247
991663,3.335021715
991664,-5.989232852
991665,-5.976749249
991666,1.255076119
991667,1.107820608
991668,-5.997799567
991669,-1.622280995
991670,1.733655695
991671,2.153625745
991672,0.096441555
991673,2.173331105
991674,2.881508715
991675,-0.289087084
991676,0.754808782
991677,-0.062052128
991678,1.27735695
991679,2.988909847
991680,3.326917705
991681,3.291698705
991682,1.252705304
991683,1.782596086
991684,1.401379745
991685,3.360136591
991686,3.005281535
991687,1.077590242
991688,1.288790937
991689,2.191184523
991690,2.917720133
991691,-0.419063301
991692,2.876812996
991693,1.323603118
991694,1.437656482
991695,1.06934267
-1,1.930713257
-2,2.341172223
-3,3.160900939
-4,-0.432596192
-5,1.755468884
-6,1.424852203
-7,-5.939258247
-8,-0.825342422
-9,1.795162701
-10,-5.171874601
-11,3.123736462
-12,0.029475721
-13,-5.82586615
-14,1.176345622
-15,2.424662493
-16,5.002099489
-17,0.117972912
-18,-1.094889601
-19,0.669340223
-20,1.587734356
-21,3.545106685
-22,1.808948644
-23,-4.629050123
-24,-1.317566021
-25,-0.154870405
-26,2.10557625
-27,2.560463964
-28,-0.118670618
-29,-2.309840496
-30,4.347028955
-31,-4.42555138
-32,0.167836115
-33,1.139060972
-34,0.688913143
-35,1.626620635
-36,4.172164715
-37,-5.966843836
-38,-1.214844581
-39,-1.088559429
-40,2.597916773
-41,-4.596526391
-42,-2.314493294
-43,0.757037744
-44,-1.499745216
-45,-4.265727464
-46,1.738641507
-47,4.839233512
-48,4.818800563
-49,-0.099213996
-50,2.850106351
-51,0.626433573
-52,-2.26446609
-53,0.298392032
-54,2.126963251
-55,-1.888844176
-56,-2.173121636
-57,-4.700139503
-58,1.652501944
-59,2.696153239
-60,-3.285012293
-61,-3.769510317
-62,-0.6331687
-63,-3.526787967
-64,-0.300597299
-65,1.137181386
-66,-1.860182339
-67,-4.002615108
-68,3.86954976
-69,-0.187636054
-70,-1.617948106
-71,-3.584391091
-72,3.786549079
-73,0.75136033
-74,-0.508469822
-75,-5.995230074
-76,1.274047957
-77,1.14258974
-78,4.134309538
-79,4.025016025
-80,-5.996057686
-81,-1.894270499
-82,2.035014158
-83,-5.986485338
-84,2.089733381
-85,-0.981972702
-86,3.113671937
-87,-0.040278319
-88,2.881201943
-89,2.4166358
-90,-0.1541624
-91,1.924892222
-92,-0.618733003
-93,3.744711752
-94,0.611055451
-95,-5.995957128
-96,-2.675024291
-97,-0.200203031
-98,-0.257656416
-99,0.482057297
-100,2.528418855
-101,-5.988220243
-102,-4.007412154
-103,0.459553502
-104,2.191745546
-105,2.898596035
-106,-4.984283219
-107,2.044848916
-108,1.055910227
-109,-2.207485937
-110,2.195000909
-111,2.917706842
-112,-2.384323502
-113,1.856466798
-114,2.254558051
-115,-3.322172486
-116,-5.883437166
-117,0.831071044
-118,0.743415265
-119,1.726913082
-120,-0.633296369
-121,2.147928482
-122,0.572418853
-123,-0.32806422
-124,4.071415003
-125,-5.637069366
-126,-0.885581996
-127,0.228504223
-128,-0.970696202
-129,2.934442129
-130,1.703484549
-131,-1.853117684
-132,0.918037814
-133,-0.759784824
-134,-1.056976659
-135,1.410112903
-136,0.372602637
-137,0.264530765
-138,-5.981015196
-139,-0.038299525
-140,-5.876309845
-141,4.27029817
-142,-1.827916829
-143,-5.898926978
-144,4.068416487
-145,-0.558907885
-146,2.11167836
-147,1.068286653
-148,4.829770344
-149,2.948807149
-150,-1.300819241
-151,-5.991675831
-152,-4.195310972
-153,1.601429082
-154,0.834384513
-155,4.863104903
-156,-1.314296824
-157,1.285185621
-158,2.30419942
-159,2.63909466
-160,2.677684297
-161,3.064564396
-162,-5.462986114
-163,1.081722504
-164,-0.97118981
-165,-1.014829284
-166,-5.440559965
-167,1.833938065
-168,4.990134557
-169,-1.83942128
-170,-4.574282674
-171,-1.781585667
-172,-0.941465305
-173,-5.039429476
-174,-1.118561436
-175,1.904361298
-176,1.340460436
-177,-5.99826093
-178,-1.887060793
-179,-3.628360787
-180,0.443281116
-181,3.233501966
-182,-1.152933739
-183,0.932857326
-184,0.690713036
-185,-1.570369275
-186,-0.294686727
-187,-3.421223227
-189,1.394824194
-190,0.686915814
-191,0.26773589
-192,1.813395485
-193,-1.36295462
-194,-5.989636365
-195,3.31900205
-196,2.970197244
-197,1.777536577
-198,-2.589005364
-199,-1.945836841
-200,3.370724293
-201,0.06673052
-202,1.362001174
-203,-0.133168852
-204,-5.936820641
-205,3.206478681
-206,2.746737509
-207,1.820230809
-208,0.906479196
-209,1.49659367
-210,3.691964228
-211,-2.56643375
-212,1.805246947
-213,-0.011048024
-214,1.376075572
-215,-2.57722341
-216,2.403856277
-217,0.793215166
-218,0.187300685
-219,3.4238328
-220,1.689263238
-221,0.4952368
-222,2.332196257
-223,-5.9369622
-224,0.322457824
-225,-0.065524937
-226,-0.353756562
-227,-0.484505888
-228,2.771004543
-229,2.7135055
-230,-5.993324037
-231,-0.573322413
-232,1.138771026
-233,1.24435867
-234,-1.549840304
-235,3.247255183
-236,-0.632561904
-237,1.196824354
-238,-1.818538782
-239,1.582995387
-240,-5.995519707
-241,-1.135601021
-242,-4.012457089
-243,-5.872154122
-244,2.099169276
-245,-5.981889716
-246,-0.849140517
-247,3.170113197
-248,-2.716217461
-249,0.400250562
-250,3.587775586
-251,1.134207508
-252,1.267636375
-253,-5.980019559
-254,-0.452547257
-255,-0.523272066
-256,2.417838167
-257,4.552913425
-258,5.221567022
-259,0.525247352
-260,3.160268283
-261,3.623216044
-262,2.136499693
-263,2.153391491
-264,1.89112683
-265,2.681992667
-266,0.332379053
-267,1.363765784
-268,1.355872139
-269,1.811781069
-270,2.077841024
-271,-0.772102815
-272,2.237622306
-273,0.885417808
-274,-2.69358337
-275,-5.991667085
-276,3.675580492
-277,-5.992471272
-278,0.759785374
-279,1.455506494
-280,1.141009878
-281,-1.615394179
-282,4.005110049
-283,0.173082133
-284,0.233304274
-285,0.147011567
-286,0.724827098
-287,-0.571368018
-288,-3.681626499
-289,3.400746999
-290,2.372806585
-291,1.722279139
-292,0.437159858
-293,2.079014282
-294,0.097307735
-295,-0.684646426
-296,0.19824943
-297,-1.579391315
-298,-5.991910129
-299,1.130095192
-300,1.450139168
-301,2.105062746
-302,1.250950014
-303,-2.967369562
-304,-0.007709053
-305,2.49567358
-306,0.939814717
-307,-3.003958447
-308,1.369955054
-309,2.14268329
-310,3.115681098
-311,3.382217489
-312,4.806068781
-313,3.245899748
-314,2.866972934
-315,3.300792125
-316,3.217131068
-317,-0.748040259
-318,3.041459957
-319,3.425136526
-320,2.839056052
-321,2.851512973
-322,2.800563963
-323,3.056142178
-324,2.711769886
-325,2.836006832
-326,2.89192398
-327,2.884592422
-328,3.21460184
-329,0.272429219
-330,3.214565497
-331,3.086244912
-332,2.97866001
-333,2.895867504
-334,2.930171086
-335,1.601170896
-336,1.360844443
-337,1.525240813
-338,3.894230694
-339,2.137716895
-340,1.045830185
-341,2.348217888
-342,1.511663846
-343,-4.154443974
-344,1.074635297
-345,1.535277143
-346,-1.602834146
-347,1.065408208
-348,1.640189105
-349,-0.680883957
-350,1.369003068
-351,-0.554414506
-352,1.434795968
-353,1.971449034
-354,-4.923113223
-355,-5.990251428
-356,-4.150597114
-357,3.392958278
-358,1.877331645
-359,-2.771793316
-360,-0.771178311
-361,3.285828821
-362,2.127851011
-363,1.916558257
-364,0.101310698
-365,3.837910653
-366,3.923246104
-367,-1.228568776
-368,1.711582171
-369,0.005640371
-370,3.2987015
-371,2.051043219
-372,1.687831315
-373,1.9313396
-374,0.812002481
-375,1.443713843
-376,4.068933921
-377,1.341359985
-378,-0.672751416
-379,-0.711108041
-380,0.033210452
-381,-0.760288969
-382,1.81508667
-383,1.358911487
-384,-0.339104238
-385,3.638435428
-386,2.74470923
-387,3.110733701
-388,3.783095485
-389,3.327074977
-390,1.4966662
-391,0.551350564
-392,1.533634401
-393,5.250941115
-394,1.729112905
-395,2.729403815
-396,-0.550823805
-397,3.004106752
-398,-3.592016435
-399,-1.282265318
-400,3.861777452
-401,3.766629223
-402,-2.126357141
-403,-1.040910311
-404,1.716416141
-405,0.476122154
-406,3.593301329
-407,3.467552218
-408,-2.787467969
-409,3.694540771
-410,-1.099548285
-411,-1.044526668
-412,2.404462675
-413,-4.904646778
-414,-0.282469634
-415,4.559493054
-416,3.536673461
-417,1.993752077
-418,2.363942069
-419,2.027232578
-420,-5.991980694
-421,0.376124694
-422,-5.31790515
-423,2.076869913
-424,-1.792269103
-425,2.75595815
-426,-4.378883637
-427,0.834129562
-428,1.447959054
-429,2.153799845
-430,0.333110991
-431,1.221421548
-432,-3.037125341
-433,-1.065851966
-434,-5.531432545
-435,1.675022451
-436,0.502167924
-437,0.587734768
-438,1.001237709
-439,0.525898391
-440,2.122651209
-441,4.926352638
-442,1.29068319
-443,1.118597728
-444,3.598801148
-445,1.164626211
-446,2.3323373
-447,2.088464841
-448,1.07106217
-449,3.208548459
-450,0.68874748
-451,-5.989165619
-452,0.103000939
-453,1.906831628
-454,-2.101758332
-455,1.826950178
-456,2.273161706
-457,-2.478413653
-458,2.575099538
-459,1.848853455
-460,1.27452731
-461,0.564381582
-462,-1.926392103
-463,1.598190495
-464,2.455772256
-465,4.027084165
-466,3.274380359
-467,3.901019494
-468,1.617464886
-469,2.919387923
-470,1.465346303
-471,3.447975303
-472,4.26126351
-473,0.448907547
-474,1.592669174
-475,0.645462044
-476,0.443891771
-477,-4.418492946
-478,1.964131852
-479,-0.789170581
-480,3.781400744
-481,-5.906708635
-482,0.308924214
-483,3.143569182
-484,-1.111010758
-485,2.378958193
-486,4.640334222
-487,3.136986623
-488,-2.66936901
-489,-1.993577788
-490,-2.050159781
-491,3.105097017
-492,0.61294208
-493,-1.092801969
-494,4.488994068
-495,1.116617506
-496,0.451793385
-497,0.950299918
-498,2.014929636
-499,3.206570858
-500,-2.358252666
-501,-0.629475971
-502,-5.983066422
-503,1.847444839
-504,2.888395989
-505,2.058344575
-506,1.402004152
-507,2.284116476
-508,2.934525374
-509,-0.666782474
-510,1.049832151
-511,2.990393447
-512,-0.555904317
-513,4.902697888
-514,0.337691373
-515,3.539606553
-516,1.314174349
-517,1.668977213
-518,1.865262685
-519,1.772088951
-520,1.97707966
-521,-1.402870872
-522,4.982066531
-523,-5.989399606
-524,1.763245033
-525,3.237719754
-526,-5.939166186
-527,2.947830325
-528,2.64848969
-529,1.550945178
-530,2.433449953
-531,2.312788058
-532,0.560850646
-533,3.178326141
-534,0.664337281
-535,2.550795033
-536,-4.805765898
-537,-0.226728164
-538,1.879273308
-539,3.501807129
-540,2.373463768
-541,4.116411928
-542,1.706292076
-543,3.493899202
-544,2.219812009
-545,-4.832502841
-546,2.320326851
-547,1.798206711
-548,2.573982146
-549,-2.32067841
-550,0.105148696
-551,-5.31775839
-552,-1.824528229
-553,0.026064834
-554,3.723709679
-555,0.277469832
-556,2.065064127
-557,1.831202736
-558,2.146056701
-559,0.585100752
-560,1.257169636
-561,2.002028075
-562,1.585699508
-563,-5.991009747
-564,2.0308426
-565,0.575647856
-566,-1.759482133
-567,3.516305986
-568,4.461997995
-569,3.853202851
-570,3.967825534
-571,0.485512309
-572,2.727190183
-573,3.38693184
-574,-3.141570463
-575,2.481795859
-576,2.396709428
-577,2.138026969
-578,-5.995527751
-579,3.527646652
-580,-1.204013629
-581,0.719186976
-582,0.34170022
-583,-1.849083443
-584,-0.178369679
-585,-5.952667505
-586,3.489209532
-587,0.070624854
-588,2.697771779
-589,2.654337996
-590,-5.997778009
-591,-0.059641068
-592,1.481834367
-593,3.757042693
-594,2.411951783
-595,0.343820257
-596,-1.783890239
-597,0.802606356
-598,3.899187857
-599,-0.102950088
-600,3.404417188
-601,0.07597765
-602,-5.944005509
-603,4.597889775
-604,0.087393729
-605,1.516460076
-606,-1.682811927
-607,1.494958987
-608,-0.051904844
-609,0.54045185
-610,2.038816651
-611,1.826893793
-612,0.390135303
-613,-2.55878233
-614,1.423563759
-615,-5.771375769
-616,1.631582028
-617,4.685815442
-618,-3.743400074
-619,0.689231963
-620,5.468712416
-621,2.473536487
-622,-5.996913638
-623,-1.779533978
-624,2.801669865
-625,2.150014233
-626,0.302234122
-627,2.517345199
-628,-4.160298225
-629,1.201167954
-630,0.451225693
-631,-3.400086564
-632,3.39663692
-633,5.416611794
-634,3.666959725
-635,4.783580806
-636,-5.990942527
-637,1.633422343
-638,3.708113141
-639,2.218302249
-640,-3.650415238
-641,4.8896432
-642,0.141389039
-643,-5.997920341
-644,1.253099564
-645,1.870996776
-646,-0.55828755
-647,3.19489728
-648,2.337098708
-649,3.399025665
-650,0.917225974
-651,0.015231854
-652,1.421035742
-653,4.376681972
-654,0.498036434
-655,2.576744312
-656,-0.003871913
-657,1.625208077
-658,-0.644799282
-659,-2.905976539
-660,0.796282125
-661,3.138620948
-662,2.094159044
-663,0.88660079
-664,3.118382326
-665,4.311714561
-666,-1.576513413
-667,1.430938417
-668,3.120659455
-669,0.141367707
-670,0.106891782
-671,-4.6424551
-672,3.595804391
-673,2.302922528
-674,3.167825642
-675,1.042589672
-676,3.708420656
-677,-0.137664856
-678,1.313582036
-679,0.557583164
-680,1.50640839
-681,2.634161837
-682,2.313001258
-683,2.165646909
-684,3.918260667
-685,-0.345029676
-686,-1.034925115
-687,-5.660238482
-688,0.49628599
-689,-3.743209004
-690,1.19942721
-691,2.157522166
-692,2.018450451
-693,3.430647566
-694,2.423798257
-695,1.288799576
-696,3.153801405
-697,-4.702633438
-698,-0.514291738
-699,1.403487411
-700,-0.48372315
-701,3.031142714
-702,3.235503783
-703,-2.130110662
-704,2.067743185
-705,-4.860659197
-706,1.626416639
-707,-1.16696278
-708,3.047958857
-709,4.23231795
-710,-1.316203803
-711,2.732996676
-712,-1.465045057
-713,2.687899046
-714,0.66642082
-715,0.150801834
-716,-0.063976465
-717,1.013555323
-718,0.64866667
-719,-4.736739694
-720,2.34295661
-721,1.168152457
-722,1.636192764
-723,2.742185402
-724,0.686027682
-725,5.128625341
-726,-1.802003637
-727,3.792651635
-728,3.161210577
-729,-1.765079941
-730,2.460161787
-731,1.111783485
-732,-0.358366003
-733,3.35996506
-734,0.799904719
-735,1.511450461
-736,1.188095848
-737,-4.32012048
-738,3.454162938
-739,2.00721259
-740,-1.192674072
-741,1.046027209
-742,1.910239289
-743,2.326061302
-744,1.276158758
-745,0.974645393
-746,1.601047159
-747,2.031531055
-748,2.7245158
-749,3.345254651
-750,0.325378254
-751,-0.67358353
-752,3.562628703
-753,0.119476044
-754,2.672333341
-755,3.813685206
-757,2.492876274
-758,3.800501582
-759,1.337792301
-760,-4.08553167
-761,-1.354915117
-762,-1.558575917
-763,0.411144005
-764,2.346461997
-765,1.004563393
-766,3.407507323
-767,1.618325853
-768,2.144640726
-769,0.701143495
-770,1.164188545
-771,0.645391965
-772,0.144508242
-773,0.680058144
-774,2.23955211
-775,2.159782103
-776,1.45838705
-777,-2.535515706
-778,1.794848702
-779,-0.048729481
-780,1.262620095
-781,-5.994518633
-782,-0.410148966
-783,2.134775565
-784,4.393473852
-785,-4.243014978
-786,4.064282892
-787,0.239859069
-788,2.034664802
-789,1.368765704
-790,-5.989755452
-791,1.544480383
-792,0.556515033
-793,-0.23065837
-794,-0.990661394
-795,1.101391303
-796,-1.998073906
-797,-5.987275128
-798,1.752026747
-799,2.089681112
-800,1.857046214
-801,0.750557224
-802,-1.062422344
-803,0.89924466
-804,1.027431289
-806,-5.994776706
-807,-3.628449031
-808,-5.815825994
-809,2.182120189
-810,-0.15354473
-811,1.649655215
-812,0.773275731
-813,0.953499699
-814,-0.654814484
-815,-5.987856168
-816,0.846525534
-817,-5.994664004
-818,-0.844415023
-819,2.274950767
-820,0.582160118
-821,-0.362148944
-822,1.244679186
-823,0.498641651
-824,3.060974315
-825,0.572099532
-826,1.962046675
-827,-0.779674266
-828,1.152392594
-829,-5.020775752
-830,4.584016986
-831,-0.626174041
-832,0.381356133
-833,0.892804652
-834,1.105966338
-835,1.303483092
-836,-1.297935763
-837,2.695289728
-838,-0.996402471
-839,2.884968132
-840,1.873672873
-841,1.76408585
-842,-4.46610474
-843,3.703301559
-844,-4.147091221
-845,2.016883038
-846,5.2568797
-847,1.586649462
-848,1.496615488
-849,-2.88497882
-850,0.623979217
-851,-5.957539391
-852,-5.783584346
-853,4.492581147
-854,3.52801307
-855,3.40838558
-856,2.379918637
-857,-4.262322932
-858,3.523520681
-859,-1.257770977
-860,4.410540919
-861,2.153583308
-862,3.52282971
-863,0.938945594
-864,1.663213643
-865,-0.597475947
-866,3.944363802
-867,1.827795271
-868,1.571217811
-869,0.847907134
-870,2.858935357
-871,0.493074628
-872,2.674614573
-873,-0.71847164
-874,3.058268935
-875,1.353111114
-876,-0.761993893
-877,1.559004473
-878,0.631249053
-879,-5.991252808
-880,-0.536949903
-881,1.986863386
-882,-0.819133105
-884,1.932584698
-885,1.913043165
-886,1.950680483
-887,1.866375675
-888,1.832461886
-889,1.870551824
-890,1.859217822
-891,-4.57274277
-892,-0.582573202
-893,0.049751632
-894,1.216533542
-895,-1.297952034
-896,-1.744612113
-897,2.550972579
-898,0.223562241
-899,-1.994616122
-900,-1.981533419
-901,3.22121964
-902,1.520740784
-903,1.173514615
-904,0.793880108
-905,1.405848619
-906,-3.03246453
-907,-0.46589066
-908,3.263773972
-909,2.528286686
-910,-2.566692847
-911,1.554717334
-912,5.188889943
-913,2.810728928
-915,0.442294245
-916,-0.608833725
-917,1.268233871
-918,5.158975154
-919,3.706043409
-920,2.704794019
-921,2.82286971
-922,2.495091036
-923,2.797667938
-924,2.826059038
-925,2.757126564
-926,2.811937379
-927,2.632907616
-928,2.889586608
-929,2.477394496
-930,2.827875787
-931,2.715755906
-932,2.718685774
-933,2.719739339
-934,2.826059038
-935,2.923696591
-936,2.827803436
-937,2.663998767
-938,2.827875787
-939,2.670107823
-940,2.928636667
-941,2.629231102
-942,2.858976504
-943,2.893642969
-944,2.849338083
-945,2.768016134
-946,-4.485030773
-947,2.080857493
-948,0.681883319
-949,-5.96570505
-950,1.535250866
-951,0.719103693
-952,0.307572231
-955,3.50402323
-956,2.212034194
-957,2.039808414
-958,0.752190188
-960,2.030960744
-961,1.854707053
-962,1.04826884
-963,-5.990973873
-964,3.800471167
-965,2.519877919
-967,2.654936201
-968,1.7355923
-969,-0.865934927
-970,1.017247311
-971,-5.98626359
-972,-5.982339394
-973,-2.53073437
-974,1.229593407
-975,1.80780741
-976,2.731233945
-977,0.958598717
-979,0.123377264
-980,1.822196946
-981,1.234148532
-982,2.426760167
-983,1.517191374
-984,-1.794059454
-985,4.468595238
-987,2.024486754
-988,1.564832522
-989,-1.458033555
-990,2.058791748
-991,-0.318876088
-992,-2.268505696
-993,1.47771743
-994,0.483206188
-995,0.540365241
-996,3.502615672
-998,1.894717246
-999,2.835837819
-1000,0.798806336
-1001,-2.936816403
-1003,1.361715841
-1004,-1.394183817
-1005,2.054409005
-1006,0.628607037
-1007,2.725484716
-1008,2.963225674
-1009,2.090434936
-1010,3.013551586
-1011,2.917296749
-1012,-0.8593964
-1013,3.582800095
-1014,-0.289295309
-1015,-5.503233954
-1016,0.24026448
-1017,-1.970521201
-1018,3.256575085
-1019,0.460616545
-1020,-4.119353811
-1021,3.667155854
-1022,-1.847500412
-1023,0.858676796
-1024,4.118589563
-1025,-0.216171332
-1026,3.5024029
-1027,-2.623300246
-1028,-5.991547883
-1029,-2.293839417
-1030,1.352245259
-1031,-1.091418299
-1032,3.158696413
-1034,0.78801646
-1035,2.395342656
-1036,-5.996154516
-1037,1.527598263
-1038,-0.862419856
-1039,-5.56667285
-1040,2.032262408
-1041,3.620961592
-1043,3.964610132
-1044,3.98842607
-1045,-1.697013292
-1046,-1.223686436
-1047,2.497601199
-1048,-1.606455902
-1049,-0.108300947
-1050,5.341528738
-1051,-5.980663575
-1052,-5.856724222
-1053,-5.586516169
-1054,-2.474314501
-1055,3.830592209
-1056,4.7871894
-1057,2.288714771
-1058,4.372100832
-1059,2.81669105
-1060,-1.509952219
-1061,-0.0567616
-1062,-4.542443301
-1063,-0.372830713
-1064,0.162590009
-1065,0.404661345
-1066,-1.07159538
-1067,-1.496767252
-1068,0.786914448
-1069,1.341702829
-1070,2.826624
-1071,-5.995538491
-1072,2.06016351
-1073,4.784409605
-1074,4.942894769
-1075,-1.515480467
-1076,1.213256084
-1077,3.797193026
-1078,2.184373038
-1079,0.464590417
-1080,-5.979161793
-1082,-0.906125603
-1083,-5.932874319
-1084,-5.994303346
-1085,0.299821361
-1086,1.194557096
-1088,3.14029129
-1089,1.794164415
-1090,4.848284559
-1091,2.100579295
-1092,2.409400167
-1093,0.432418477
-1094,2.155383757
-1095,1.611604415
-1096,1.73888159
-1097,-2.121249166
-1098,-0.03850767
-1099,1.614480923
-1100,-5.624976534
-1101,1.422329152
-1102,3.483942382
-1103,0.773863977
-1104,1.840839154
-1105,3.187421361
-1106,2.560161713
-1107,1.280317722
-1108,2.902460649
-1109,-0.347842204
-1110,1.891033361
-1111,-3.673895561
-1112,1.771908131
-1113,2.782799277
-1114,1.827526503
-1115,1.44116164
-1116,3.314377316
-1117,2.964785853
-1118,1.85016037
-1119,0.759687212
-1120,-0.722207706
-1121,1.843719474
-1122,-0.344213197
-1123,2.504671966
-1124,0.475226558
-1125,-1.645894962
-1126,1.658242037
-1127,3.310410001
-1128,-2.606687886
-1129,1.167305098
-1130,-2.863766227
-1131,4.023600518
-1132,3.610191615
-1133,-2.789693171
-1134,-0.467493548
-1135,2.110192709
-1136,-5.98606027
-1137,4.706174209
-1138,1.895792582
-1139,3.05444929
-1140,3.2190416
-1141,2.922686372
-1142,0.840595605
-1143,0.491007088
-1144,-2.472038498
-1145,2.067513286
-1146,1.330305498
-1147,2.150941574
-1148,3.196127832
-1149,2.534023987
-1150,-2.92631644
-1151,1.568860945
-1152,2.518166872
-1153,2.082941902
-1154,2.22548106
-1155,1.370619356
-1156,0.796272743
-1157,3.114543237
-1158,1.282587053
-1159,0.801715972
-1160,1.434674196
-1161,3.262131018
-1162,-3.011436531
-1163,3.944638215
-1164,1.391443679
-1165,3.078046632
-1166,4.529849138
-1167,3.483144929
-1168,2.423968219
-1169,-3.443544114
-1170,2.426902563
-1171,-1.529520614
-1172,2.134362228
-1173,1.589320735
-1174,-1.950811325
-1175,2.168793436
-1176,-3.726492871
-1177,0.676562858
-1178,0.973594435
-1179,0.729234257
-1180,4.186751071
-1181,1.178856224
-1182,-4.663351635
-1183,4.187354644
-1184,1.012233289
-1185,-2.181867393
-1186,-1.756544793
-1187,3.191101284
-1188,5.000259062
-1189,2.495036055
-1190,1.524397684
-1191,3.057790715
-1192,5.127748893
-1193,1.42087856
-1194,2.141118561
-1195,2.882412101
-1196,-0.993957955
-1197,3.522814828
-1198,3.06450585
-1199,-0.00575832
-1200,4.565744002
-1201,-1.268057236
-1202,2.80571238
-1203,0.596302481
-1204,1.51040923
-1205,0.239693442
-1206,2.085751364
-1207,2.515325984
-1208,0.754521336
-1209,-5.995649349
-1210,-5.988884905
-1211,-5.584291552
-1212,1.260765947
-1213,-1.065517251
-1214,3.160840781
-1215,-2.931439541
-1216,3.401272846
-1217,-5.99098572
-1218,3.858854715
-1219,-0.390645548
-1220,3.417340303
-1221,-5.349219617
-1222,-0.197138633
-1223,3.775313706
-1224,3.58561933
-1225,-2.351467633
-1226,1.891715036
-1227,-5.99266471
-1228,1.480687702
-1229,1.710801159
-1230,1.595070773
-1231,4.122953861
-1232,3.424862757
-1233,0.001497415
-1234,-1.119978644
-1235,4.291586683
-1236,2.737310695
-1237,1.710870476
-1238,1.576247389
-1239,1.971339509
-1240,0.553059917
-1241,2.212174957
-1242,0.144928492
-1243,4.951585268
-1244,-3.757719415
-1245,1.493212253
-1246,-0.813034486
-1247,2.629317407
-1248,1.746564442
-1249,-0.445935758
-1250,-4.989474326
-1251,-0.897233074
-1252,-1.293146852
-1253,-5.779498021
-1254,3.908583887
-1255,2.425823192
-1256,-0.109459667
-1257,0.76725934
-1258,0.709863628
-1259,-0.34704836
-1260,-3.378643278
-1261,1.649855143
-1262,2.646494176
-1263,2.529415856
-1264,-0.935698923
-1265,2.35453339
-1266,-5.979921535
-1267,1.073458991
-1268,-0.206242655
-1269,1.127006884
-1270,3.056526969
-1271,-5.581205463
-1272,1.289446162
-1273,0.351959001
-1274,1.915256382
-1275,4.067784989
-1276,-0.522265457
-1277,3.229904503
-1278,4.058627394
-1279,1.372453363
-1280,2.541199622
-1281,-2.641701589
-1282,1.816226282
-1283,1.77192718
-1284,2.628169033
-1285,0.808026947
-1286,0.723574553
-1287,-2.252922946
-1288,-5.98838991
-1289,0.788808772
-1290,2.867461375
-1291,-0.17144737
-1292,-5.988662762
-1293,3.536272306
-1294,0.418743968
-1295,1.818147589
-1296,-1.172784821
-1297,0.718684879
-1298,1.690057229
-1299,1.816653782
-1300,2.302312324
-1301,-0.104409812
-1302,2.288614294
-1303,-0.010293113
-1304,-4.849995919
-1305,2.336043398
-1306,3.196495598
-1307,1.528560106
-1308,2.452209707
-1309,-1.342692272
-1310,3.009781137
-1311,-0.028295859
-1312,5.446709973
-1313,-1.782453904
-1314,0.59957291
-1315,2.500753062
-1316,0.155260246
-1317,2.543607168
-1318,1.688253304
-1319,-3.779884172
-1320,0.771686041
-1321,4.164087447
-1322,1.010799397
-1324,-0.08175291
-1325,-4.821363696
-1326,-5.989504742
-1327,-1.034527561
-1328,-5.990625325
-1329,-0.09774799
-1330,1.371574585
-1331,-5.991002945
-1332,2.879288705
-1333,1.665504012
-1334,2.021213539
-1335,0.838103353
-1336,1.397200138
-1338,2.566889449
-1339,3.271350089
-1340,0.675815466
-1341,-4.116229445
-1342,2.078657634
-1343,2.01436765
-1344,-5.930561856
-1345,1.007638364
-1346,1.697447927
-1347,3.338570972
-1348,1.564842678
-1349,-0.396486738
-1351,2.453042404
-1352,0.14182442
-1353,1.693499015
-1354,-2.262511126
-1355,3.023677736
-1356,0.378402886
-1357,-5.913947233
-1358,4.382795934
-1359,-0.124108023
-1360,-5.989332885
-1361,-1.7550283
-1362,-0.805791362
-1363,-5.994439796
-1364,2.354737938
-1365,-0.628098207
-1366,3.132283407
-1367,-0.240590587
-1368,1.96793597
-1369,0.671036727
-1370,3.228054771
-1371,-5.35249353
-1372,-5.98283208
-1373,-4.505624993
-1374,0.774240019
-1375,1.5375862
-1376,-5.924690591
-1377,1.210529408
-1378,-0.957344084
-1379,3.085676251
-1380,2.173290156
-1381,0.481689517
-1382,-5.948460945
-1383,2.749529418
-1384,2.926824494
-1385,0.887596227
-1386,1.404749309
-1387,-5.98108738
-1388,3.872217743
-1389,1.728543898
-1390,-5.456883691
-1391,3.177074501
-1392,-3.219525567
-1393,2.54922336
-1394,2.114381142
-1395,-4.295827978
-1396,0.800989019
-1397,-2.781629529
-1398,1.632801123
-1399,3.621002085
-1400,-0.155961646
-1401,2.692271355
-1402,4.60009936
-1403,2.393077856
-1404,-1.851191078
-1405,0.22190658
-1406,2.062797422
-1407,1.429989563
-1408,5.686352587
-1409,-0.116724603
-1410,0.582862738
-1411,1.511072406
-1412,5.213658048
-1413,2.970377455
-1414,0.72331695
-1415,2.802820447
-1416,-5.986264456
-1417,-1.15035275
-1418,0.012894147
-1419,2.306201495
-1420,-4.594386201
-1421,-1.446116589
-1422,4.309474192
-1423,0.316095586
-1424,-1.813441569
-1425,4.274827754
-1426,-0.10390106
-1427,2.269792518
-1428,1.774842225
-1429,-0.21623489
-1430,-2.67792888
-1431,2.201975744
-1432,-3.739381771
-1433,-5.75535774
-1434,3.018744196
-1435,-2.582765718
-1436,1.183621049
-1437,2.381101024
-1438,-0.556515752
-1439,0.243989994
-1440,0.979805093
-1441,-5.970912681
-1443,0.555851754
-1444,-2.545780055
-1445,1.915147747
-1446,-3.387135217
-1447,-3.835945343
-1448,-3.568936227
-1449,-0.381518765
-1450,1.728131211
-1451,2.431069582
-1452,-1.035125733
-1453,-5.993617966
-1454,-0.61139558
-1455,-4.191468079
-1456,-1.160226716
-1457,0.980685973
-1458,1.969359333
-1459,-5.992316584
-1460,0.30251253
-1461,2.892249777
-1462,-0.823133548
-1463,0.959267297
-1464,3.438761201
-1465,-5.843642486
-1466,2.004656011
-1467,-2.855144851
-1468,-5.988137119
-1469,1.529226536
-1470,1.414829397
-1471,1.492010816
-1472,-2.719757072
-1473,0.39566417
-1474,1.982078965
-1475,0.751455078
-1476,2.038239503
-1477,0.542246586
-1478,1.155193741
-1479,-5.74685441
-1480,0.333324321
-1481,2.992576757
-1482,-2.226161795
-1483,-0.377443025
-1484,0.935551758
-1485,0.31652944
-1486,-5.991524005
-1487,-0.594671929
-1488,-0.526732123
-1489,-0.360370544
-1490,3.37626171
-1491,1.247558757
-1492,-1.686611938
-1493,3.733471605
-1494,-0.018712264
-1495,-4.234774749
-1496,0.222219506
-1497,3.014042633
-1498,1.819421816
-1499,1.310469797
-1500,0.3146525
-1501,2.579620423
-1502,2.045758267
-1503,-0.632012098
-1504,-5.275216956
-1505,3.764470048
-1506,-5.143917707
-1507,3.089685711
-1508,0.296348358
-1509,1.730965552
-1510,-1.035662379
-1511,1.185338832
-1512,3.674288891
-1513,0.376667128
-1514,1.159921004
-1515,-0.698064407
-1516,-1.136082114
-1517,-5.991360873
-1518,2.010094406
-1519,1.294105145
-1520,-2.377721094
-1521,2.201978757
-1522,0.480403028
-1523,-3.851599616
-1524,-5.986423559
-1525,1.88691061
-1526,1.538511596
-1527,-0.285299361
-1528,1.829902553
-1529,0.324118583
-1530,-5.997095078
-1531,-0.617239872
-1532,1.14602735
-1533,3.065820077
-1534,0.071672336
-1535,1.405221038
-1536,-1.959010225
-1537,1.443810075
-1538,2.269534457
-1539,1.174872371
-1540,2.984942209
-1541,0.064864016
-1542,2.462323924
-1543,-0.082577
-1544,2.330180515
-1545,2.132736128
-1546,0.008016985
-1547,2.421779347
-1548,5.493462269
-1549,3.799156816
-1550,-5.763869353
-1551,1.72242386
-1552,0.696266954
-1553,3.649785877
-1554,0.658061496
-1555,-1.702584225
-1556,3.749135219
-1557,1.637021071
-1558,1.777438626
-1559,3.21443198
-1560,3.494508169
-1561,-4.515284537
-1562,0.076896313
-1563,2.572369633
-1564,2.61429609
-1565,-5.49327415
-1566,-0.675332973
-1567,3.055249702
-1568,-1.788061117
-1569,4.132030307
-1570,-5.986148819
-1571,1.148427567
-1572,1.4747195
-1573,1.191608792
-1574,1.693967304
-1575,-5.565043324
-1576,-0.599546396
-1577,-4.275836329
-1578,0.383505806
-1579,0.231066164
-1580,-0.030167673
-1581,1.112698769
-1582,1.586053237
-1583,1.241738147
-1584,3.511547459
-1585,3.864178568
-1586,-0.290481366
-1587,-0.299717308
-1588,0.293022854
-1589,2.307888031
-1590,2.155788499
-1591,-3.701533527
-1592,0.910111724
-1593,-3.05964491
-1594,3.18280227
-1595,0.952659699
-1596,2.211844314
-1597,2.846634262
-1598,-3.142673446
-1599,-0.216352533
-1600,2.027337256
-1601,0.361589737
-1602,0.005313127
-1603,-0.150950352
-1604,1.959036969
-1605,2.817949127
-1606,-3.296647788
-1607,-3.579181907
-1608,1.25654203
-1609,-3.069249762
-1610,-5.993253585
-1611,1.872422054
-1612,2.531548106
-1613,-1.677715967
-1614,2.812343766
-1615,0.836822966
-1616,0.293249507
-1617,2.479299024
-1618,2.389934842
-1619,2.490169612
-1620,2.743180867
-1621,2.56725269
-1622,2.636117255
-1623,-1.393933386
-1624,2.356913351
-1626,0.737131618
-1627,3.259737001
-1628,3.323692989
-1629,1.951782912
-1630,1.203540853
-1631,-5.997964787
-1632,2.117947939
-1633,2.628895629
-1634,1.807965674
-1635,0.107244334
-1636,2.440050351
-1637,0.520695677
-1638,1.149533972
-1639,0.242219285
-1640,0.516629109
-1641,0.266989065
-1642,2.89707423
-1643,2.709576406
-1644,1.260335024
-1645,1.26796407
-1646,2.829787455
-1647,2.812942954
-1648,2.840816178
-1649,2.874971115
-1650,-1.499008197
-1651,-5.877109048
-1652,-1.312797391
-1653,1.967298942
-1654,1.051605013
-1655,0.803555429
-1656,-2.259741103
-1657,-1.016726729
-1658,2.270201935
-1659,3.952008386
-1660,-0.485904966
-1661,0.016288908
-1662,-5.958440228
-1663,-1.612491782
-1664,-1.830316804
-1665,1.570765092
-1666,2.138730073
-1667,0.949485615
-1668,1.724744083
-1669,-5.978367166
-1670,1.607344065
-1671,-5.997064495
-1672,1.477335694
-1673,1.618035263
-1674,-0.293396804
-1675,2.461350186
-1676,2.161301802
-1677,0.486692771
-1678,-5.135303856
-1679,2.199810007
-1680,-1.325828907
-1681,-5.870798629
-1682,2.091790535
-1683,4.587252394
-1684,3.07324964
-1685,-1.879838519
-1686,1.459561205
-1687,0.984798133
-1688,-1.848402702
-1689,0.545055984
-1690,1.781202333
-1691,3.253419526
-1692,-5.716199296
-1693,4.801891344
-1694,3.290832212
-1695,-0.435599283
-1696,-5.991882489
-1697,-5.989512767
-1698,2.93984182
-1699,-2.049844399
-1700,2.31796195
-1701,1.940193564
-1702,-1.009068843
-1703,1.38883827
-1704,0.019185317
-1705,0.531865451
-1706,0.945236238
-1707,-0.151557825
-1708,3.251457749
-1709,-2.416483764
-1710,-0.646751419
-1711,-2.031068602
-1712,1.865647446
-1713,2.106867833
-1714,-0.945787832
-1715,1.781428328
-1716,-0.961341658
-1717,3.157942008
-1718,-5.161184895
-1719,1.416662664
-1720,2.480178664
-1721,-3.658867052
-1722,1.958100019
-1723,0.332065658
-1724,1.658554624
-1725,-1.416216929
-1726,0.425272334
-1727,-5.987433954
-1728,3.945709063
-1729,2.346656574
-1730,2.265748154
-1731,2.136768839
-1732,-0.25908967
-1733,-0.271801661
-1734,0.046980591
-1735,-0.628375715
-1736,-3.83263051
-1737,1.215258278
-1738,2.686942655
-1739,0.970772049
-1740,0.400451467
-1741,-5.951643679
-1742,3.17476263
-1743,1.549300449
-1744,1.17637461
-1745,0.847529458
-1746,0.768711645
-1747,2.643866179
-1748,3.198513121
-1749,0.557789401
-1750,0.648023111
-1751,1.969303742
-1752,0.551205934
-1753,-0.850642167
-1754,2.08193776
-1755,-0.458830164
-1756,1.283252972
-1757,2.319192144
-1758,1.053986912
-1759,1.495355528
-1760,0.103708703
-1761,1.133664035
-1762,2.358690326
-1763,-5.711006942
-1764,2.108445906
-1765,1.620682376
-1766,2.354028668
-1767,-2.773897928
-1768,0.131731684
-1769,3.340516316
-1770,1.555893075
-1771,0.452660901
-1772,2.08499487
-1773,1.041251379
-1774,-1.367804578
-1775,0.775022092
-1776,2.249869402
-1777,1.87763484
-1778,-1.962102155
-1779,-5.986901602
-1780,0.47481374
-1781,1.68412286
-1782,0.639832681
-1783,-2.080013595
-1784,1.92082483
-1785,1.743659999
-1786,0.702629298
-1787,1.952878631
-1788,2.215762326
-1789,2.058399649
-1790,-5.450441592
-1791,1.637825758
-1792,-3.965595437
-1793,2.227221963
-1794,3.324797237
-1795,3.268810502
-1796,2.990445233
-1797,2.751713316
-1798,2.187847437
-1799,1.912250724
-1800,-5.902432058
-1801,1.941831406
-1802,0.871477291
-1803,1.227629687
-1804,-2.614128757
-1805,0.954391438
-1806,2.735455654
-1807,-5.922432462
-1808,3.609456246
-1809,1.450210516
-1810,0.824611412
-1811,-4.598289817
-1812,3.019686411
-1813,2.484516226
-1814,3.697344186
-1815,1.742020153
-1816,-5.991980624
-1817,-0.558932869
-1818,3.22175544
-1819,-4.077566423
-1820,1.510218399
-1821,3.440716052
-1822,3.217769355
-1823,-0.977338956
-1824,1.699238656
-1825,0.419476383
-1826,2.944760625
-1827,0.079021113
-1828,1.778004304
-1829,4.94053025
-1830,3.208405514
-1831,0.783775221
-1832,3.139957382
-1833,0.045696582
-1834,3.398725988
-1835,2.384876783
-1836,2.614418026
-1837,3.677791568
-1838,2.476163426
-1839,3.851619327
-1840,2.587378493
-1841,2.220920756
-1842,1.876051641
-1843,3.325807979
-1844,3.372400487
-1845,-0.311701471
-1846,1.67697128
-1847,2.891021287
-1848,2.544625459
-1849,-0.091881377
-1850,-1.216702003
-1851,1.774131429
-1852,-0.629447544
-1853,-2.189045397
-1854,-0.049956075
-1855,-0.059014538
-1856,2.174232156
-1857,2.522622009
-1858,3.030091466
-1859,1.184603585
-1860,1.897211605
-1861,0.638338246
-1862,1.160785898
-1863,1.014595197
-1864,0.925783541
-1865,0.945287715
-1866,1.679528081
-1867,-5.987972436
-1868,3.316338399
-1869,-5.766790711
-1870,2.41254901
-1871,-5.781014466
-1872,3.193132067
-1873,0.837987141
-1874,2.089434765
-1875,-2.009576259
-1876,0.967426084
-1877,1.078646331
-1878,1.52552216
-1879,2.923604879
-1880,1.180963997
-1881,1.827319911
-1882,1.06418739
-1883,-1.483505277
-1884,0.919618966
-1885,0.75465886
-1886,2.455070668
-1887,0.591487604
-1888,0.760415251
-1889,2.671606665
-1890,-0.057689669
-1891,1.482346812
-1892,2.073604858
-1893,-0.140165577
-1894,3.288108491
-1895,-5.878875929
-1896,-0.023839088
-1897,0.448030667
-1898,3.025990892
-1899,-1.812837811
-1900,0.570350207
-1901,1.840052273
-1902,0.352406758
-1903,3.557423655
-1904,0.588137328
-1905,2.947954224
-1906,0.42012568
-1907,0.268369778
-1908,3.432859429
-1909,0.766680585
-1910,3.8832899
-1911,0.323068957
-1912,1.997761003
-1913,0.717564291
-1914,1.745876297
-1915,3.231687284
-1916,2.052699454
-1917,1.411252425
-1918,-5.979249129
-1919,0.233107506
-1920,0.573977932
-1921,2.555793547
-1922,2.110551376
-1923,1.199202708
-1924,1.508344546
-1925,0.974358439
-1926,0.737106334
-1927,1.177819816
-1928,-0.899371324
-1929,-2.526097904
-1930,-5.987617715
-1931,1.112133685
-1932,1.635598513
-1933,2.140197452
-1934,-1.280382303
-1935,-0.118802632
-1936,1.207519975
-1937,1.902024652
-1938,1.088234845
-1939,-0.901282488
-1940,-1.237560283
-1941,-0.458275195
-1942,0.049374403
-1943,4.316275655
-1944,2.124697769
-1945,2.109361104
-1946,1.93262155
-1947,0.14029911
-1948,1.171670403
-1949,1.077418852
-1950,2.185990468
-1951,3.781335504
-1952,-3.983980184
-1953,-5.685958584
-1954,-0.4079902
-1955,1.595037774
-1956,2.781144475
-1957,-5.885273931
-1958,-3.564808863
-1959,1.34029068
-1960,-5.863863271
-1961,1.257667977
-1962,-0.564049064
-1963,3.649805813
-1964,-0.445158881
-1965,1.114633629
-1966,2.099279613
-1967,-0.85180474
-1968,-1.114395356
-1969,5.494026449
-1970,-1.410461899
-1971,-1.417572423
-1972,-0.553490186
-1973,-1.483028986
-1974,-1.220508152
-1975,-0.107877705
-1976,-1.088038308
-1977,0.867701703
-1978,-0.142304226
-1979,-4.740160249
-1980,-2.533271596
-1981,1.348566411
-1982,-4.964481626
-1983,1.815114145
-1984,4.041879971
-1985,3.084029182
-1986,2.289761191
-1987,2.701776263
-1988,-1.084431859
-1989,-1.355002426
-1990,-5.966230622
-1991,-5.995144946
-1992,0.683233955
-1993,2.483682549
-1994,2.49443717
-1996,-4.690007985
-1997,-5.06059009
-1998,-2.220771756
-1999,-5.29060767
-2000,3.573213406
-2001,2.231564734
-2002,-5.966738517
-2003,-5.510200843
-2004,-0.646434478
-2005,1.7055872
-2006,1.517158132
-2007,-5.996861708
-2008,2.959952564
-2009,1.987508828
-2010,-3.059183056
-2011,3.062912119
-2012,-3.964931648
-2013,1.308645581
-2014,1.540028292
-2015,-0.23477683
-2016,0.642752827
-2017,-5.589204369
-2018,-5.919665683
-2019,0.717416447
-2020,2.900194905
-2021,-5.332266157
-2022,-5.972063987
-2023,1.503963448
-2024,1.717816641
-2025,-4.125944225
-2026,2.258550738
-2027,1.489252352
-2028,-2.112925819
-2029,-5.993971848
-2030,4.860211644
-2031,-3.168145685
-2032,-1.155680731
-2033,-5.981640465
-2034,1.556290744
-2035,-5.996216323
-2036,-5.990718598
-2037,2.444981681
-2038,-0.70331321
-2039,1.737145977
-2040,-3.110670022
-2041,-1.936144056
-2042,-4.829614737
-2043,0.164828156
-2044,-5.988615714
-2045,1.288741305
-2046,-5.986026842
-2047,-5.996766427
-2048,0.515414513
-2049,-5.671042905
-2050,3.142292794
-2051,-3.79250713
-2052,1.689324575
-2053,2.85440596
-2054,0.029954143
-2055,1.424299773
-2056,4.972273254
-2057,0.880134805
-2058,-4.139894556
-2059,1.136133619
-2060,1.181914952
-2061,-0.353898594
-2062,-0.219309724
-2063,2.158793928
-2064,-0.40350026
-2065,-0.238040371
-2066,1.589283872
-2067,1.47405516
-2068,4.183874358
-2069,0.177301112
-2070,-2.686175372
-2071,-0.306643567
-2072,-5.484247333
-2073,2.102031674
-2074,1.225516272
-2075,-3.847617527
-2076,2.431728802
-2077,2.366755662
-2078,-3.973443317
-2079,-2.458062954
-2080,2.174479926
-2081,2.059061108
-2082,3.346191491
-2083,3.313675598
-2084,1.376856333
-2085,-5.98021044
-2086,0.030500742
-2087,2.175628814
-2088,4.526847935
-2089,-0.98284579
-2090,-0.383480071
-2091,-5.99198349
-2092,3.45723474
-2093,1.500931021
-2094,0.198837826
-2095,1.683560757
-2096,2.957128199
-2097,-5.989438883
-2098,0.169347843
-2099,1.614386056
-2100,1.110567832
-2101,2.00196447
-2102,2.32008634
-2103,1.071568197
-2104,1.442929749
-2105,-5.957793987
-2106,3.497728709
-2107,1.206585928
-2108,3.269816777
-2109,-5.985755713
-2110,-0.334619631
-2111,3.627801642
-2112,0.019352741
-2113,-5.979755091
-2114,-0.647854428
-2115,-5.953500214
-2116,-3.447255688
-2117,3.938692856
-2118,-5.996978291
-2119,-3.134075978
-2120,-5.969753111
-2121,1.351427918
-2122,-1.723282397
-2123,-0.777129907
-2124,-2.346517531
-2125,-5.988645578
-2126,-2.981833224
-2127,2.17841918
-2128,1.673814254
-2129,1.003654831
-2130,-0.173813402
-2131,0.895094153
-2132,-4.909916058
-2133,-5.517451156
-2134,-3.23734263
-2135,0.612548893
-2136,4.635240633
-2137,-5.978829632
-2138,-0.248831098
-2139,2.696424529
-2140,-5.994247416
-2141,-5.342053865
-2142,2.290650155
-2143,-0.813220967
-2144,1.932584233
-2145,-5.985088366
-2146,2.003220176
-2147,2.859801201
-2148,-0.51262553
-2149,-0.956012875
-2150,1.80917305
-2151,-5.37055497
-2152,-5.9912254
-2153,-1.253577792
-2154,-0.519159978
-2155,-1.134720715
-2156,1.842137481
-2157,-1.613153369
-2158,-5.996421482
-2159,1.329848441
-2160,0.976347795
-2161,-0.176062435
-2162,-0.274701016
-2163,1.869512568
-2164,1.848642516
-2165,-5.19600325
-2166,-5.859900845
-2167,-1.194077277
-2168,2.209235406
-2169,1.528636922
-2170,1.938664282
-2171,0.958505718
-2172,5.211971395
-2173,-4.109487789
-2174,-1.483686596
-2175,-1.701354097
-2176,2.763668021
-2177,1.393237894
-2178,-2.534162883
-2179,-0.559821228
-2180,-0.628791155
-2181,0.426236562
-2182,-1.033470301
-2183,2.349866196
-2184,-0.761905539
-2185,-3.831043109
-2186,0.154791207
-2187,-2.774165141
-2188,-4.011765816
-2189,0.482027619
-2190,-5.620495943
-2191,-0.958795888
-2192,-2.8505062
-2193,1.365849391
-2194,-0.13586675
-2195,-0.110562942
-2196,2.227449686
-2197,-0.475905468
-2198,-5.991788585
-2199,0.110328904
-2200,-0.383071443
-2201,3.061136469
-2202,-4.446432843
-2203,0.627918881
-2204,1.861959885
-2205,1.796638088
-2206,-1.144812755
-2207,0.268685535
-2208,-2.142810505
-2209,-2.015540192
-2210,-1.100191322
-2211,3.801649245
-2212,1.616684607
-2213,0.474071965
-2214,-5.983960981
-2215,0.281279004
-2216,-2.841241477
-2217,0.721649712
-2218,2.741089658
-2219,3.391330472
-2220,0.675465012
-2221,5.187296448
-2222,4.092167669
-2223,2.135505454
-2224,1.551383026
-2225,-5.97322302
-2226,4.584298121
-2227,-5.994668443
-2228,-1.544060118
-2229,-4.657189931
-2230,0.405122771
-2231,1.854490344
-2232,1.053430139
-2233,4.228844586
-2234,1.726344436
-2235,2.784871555
-2236,-4.280517846
-2237,-5.775346514
-2238,3.029973075
-2239,1.599944867
-2240,1.590400483
-2241,0.467450759
-2242,-2.867740224
-2243,1.760739109
-2244,-0.79049529
-2245,-2.172282719
-2246,0.293594362
-2247,-0.814876144
-2248,1.817069985
-2249,3.563639879
-2250,0.72426181
-2251,2.012706358
-2252,-2.349238415
-2253,-5.604017765
-2254,2.423632678
-2255,-5.751869707
-2256,4.394607007
-2257,0.413156168
-2258,1.187447444
-2259,0.687956548
-2260,0.242101675
-2261,3.219325721
-2262,0.04023345
-2263,-3.174189729
-2264,1.89554011
-2265,-5.683692625
-2266,-5.996560823
-2267,1.544208593
-2268,2.286769902
-2269,2.165385985
-2270,2.856051546
-2271,3.44132465
-2272,-0.953438529
-2273,-4.640032888
-2274,2.259278127
-2275,1.022477323
-2276,2.097957253
-2277,-1.229799814
-2278,2.985246303
-2279,1.558152006
-2280,-3.348803857
-2281,-3.091604538
-2282,-3.439882047
-2283,-0.325482452
-2284,-3.543881131
-2285,-1.605035408
-2286,2.999301978
-2287,2.042410367
-2288,-1.672305736
-2289,2.29476967
-2290,3.536888462
-2291,-0.724288422
-2292,-5.989452231
-2293,0.698364473
-2294,3.858385348
-2295,2.956163181
-2296,-0.10586262
-2297,0.822432862
-2298,-5.968772059
-2299,-1.94172222
-2300,3.357402641
-2301,1.527289654
-2302,1.04820215
-2303,2.165510279
-2304,3.412657248
-2305,2.706118041
-2306,-0.832085872
-2307,-1.201442039
-2308,2.177256396
-2309,3.293500196
-2310,3.306543336
-2311,2.495565238
-2312,1.836000991
-2313,4.167450975
-2314,2.569066142
-2315,2.647820023
-2316,-0.297331593
-2317,-5.61232132
-2318,-0.433739688
-2319,1.704506091
-2320,2.813466737
-2321,2.965890838
-2322,2.304144777
-2323,1.086254137
-2324,0.74107779
-2325,2.891136184
-2326,1.651156859
-2327,2.12042493
-2328,0.753603676
-2329,2.016557652
-2330,-2.256176205
-2331,0.167629306
-2332,3.556174396
-2333,-0.673164417
-2334,1.456552565
-2335,2.298956132
-2336,-5.992298382
-2337,-3.911116308
-2338,2.349189969
-2339,0.531578555
-2340,2.914039242
-2341,-0.11002844
-2342,-0.77467282
-2343,0.040648096
-2344,0.055019051
-2345,0.773783211
-2346,-1.001943546
-2347,0.636020501
-2348,-3.796939514
-2349,1.264675584
-2350,0.96888272
-2351,-0.06352187
-2352,2.38606689
-2353,3.233201015
-2354,-2.881934242
-2355,-0.296948551
-2356,1.768876434
-2357,-0.275182923
-2358,-3.622224865
-2359,-1.428347769
-2360,-5.990918456
-2361,1.964672786
-2362,1.005020487
-2363,-0.783810404
-2364,0.196242651
-2365,2.087217994
-2366,-2.419594877
-2367,1.322780663
-2368,1.695743005
-2369,-5.987304034
-2370,-0.959889535
-2371,1.827441398
-2372,4.254303253
-2373,0.926698066
-2374,0.247646069
-2375,-3.499514563
-2376,1.234449368
-2377,0.195726769
-2378,1.495760766
-2379,0.325691075
-2380,-5.989287527
-2381,-5.979583864
-2382,3.015289556
-2383,-2.452716548
-2384,2.277401658
-2385,2.56031773
-2386,2.746291568
-2387,1.028169769
-2388,1.222121648
-2389,0.109860964
-2390,-5.967445041
-2391,1.388013497
-2392,1.906728588
-2393,1.228348379
-2394,1.640053001
-2395,-4.077036389
-2396,0.879208723
-2397,1.866966021
-2398,0.504778536
-2399,0.32947305
-2400,2.289550422
-2401,2.294184868
-2402,1.925878949
-2403,-0.034249471
-2404,0.427695399
-2405,0.816891512
-2406,0.514422665
-2407,0.256766355
-2408,2.321059786
-2409,0.938016903
-2410,-1.579759477
-2411,-5.77790282
-2412,1.917986307
-2413,1.757978511
-2414,0.077324828
-2415,-0.590174873
-2416,1.35507814
-2417,2.51239983
-2418,3.607545099
-2419,3.430766662
-2420,1.30581896
-2421,2.652762324
-2422,1.627896003
-2423,0.710283881
-2424,2.230138152
-2425,1.009366265
-2426,3.249781958
-2427,1.944197697
-2428,2.726123144
-2429,1.24783209
-2430,-1.637571294
-2431,1.625530667
-2432,4.195320936
-2433,-1.811737442
-2434,0.488473037
-2435,4.277168738
-2436,0.610014439
-2437,1.052176012
-2438,3.794681808
-2439,1.205413986
-2440,1.775775179
-2441,2.550436906
-2442,3.27604343
-2443,0.721728978
-2444,2.378711237
-2445,1.283819048
-2446,-4.397358902
-2447,0.497121689
-2448,-0.122700179
-2449,-5.980936369
-2450,3.177424143
-2451,2.118379787
-2452,-0.5890156
-2453,1.706957356
-2454,1.946492998
1686,-2.569065675
423,-1.104756945
1976,-1.548082171
642,-2.02405252
2038,1.13646966
473,1.995379424
1170,2.421099599
1675,1.535426317
1939,-0.316746205
1428,-5.084761474
69,-2.774295053
1875,-1.641592843
1858,2.079611019
84,3.763378522
431,1.603051072
1793,2.267516008
717,-5.83416679
114,-5.987478911
275,4.599313381
2077,-5.690682089
472,-3.657922256
1145,2.111938215
1335,-1.454858746
1370,-0.233606874
89,1.340891655
746,-5.648007444
352,-3.489781088
425,-5.619026777
1914,1.565560238
1878,2.402378976
140,1.158145133
1889,0.023510773
310,2.542135816
1402,0.690411656
1072,2.720376115
1657,-2.361996657
1369,-3.118979918
839,1.441629473
1105,-5.99736762
652,-5.99448519
1283,1.707612827
2093,-2.002044332
340,1.686384302
2104,-5.508114162
1237,-4.096819712
497,3.240666333
483,-5.953635689
1621,4.158642982
79,-1.314434526
1267,-0.529847126
1049,0.065557406
952,-3.939051911
492,-0.745926103
525,0.773131204
738,-1.286209332
1538,-0.671181561
396,1.832450929
316,-5.989516061
387,1.686345463
401,2.070271738
1305,-5.997713163
136,2.224854465
400,-5.993206803
704,-0.542737366
1273,0.824857757
1422,1.533000391
1851,0.633038206
1799,-1.260036352
1066,1.077182189
76,0.52114661
1342,-5.99292889
183,2.859726384
375,0.152206133
1154,-0.797717431
1696,1.622531664
968,-5.979993515
1427,-0.394573927
660,-5.698463246
885,-1.836315744
1507,-5.989397548
481,3.635231592
646,2.731929485
1617,3.538537947
695,2.173268915
1300,-5.995545135
1448,-5.988223799
422,-1.936704392
1124,-0.863545947
202,0.218301263
1832,3.202212306
1659,-2.185463679
80,3.506148521
437,-2.271574395
267,1.869239544
770,-0.159258262
241,2.614726125
2046,1.714027183
1869,-0.716033158
210,-5.990846935
245,1.381465661
1633,-5.997515274
220,0.103111127
1006,-0.850980817
638,-1.851058323
1946,3.845447425
1662,-0.124498553
1593,-5.973272634
1016,-0.179530061
1996,0.045265008
1802,2.111166013
67,4.104356588
1585,1.348837962
1429,2.622455321
1709,1.297575089
745,0.123074969
1671,0.620898923
2062,2.482809605
154,1.73565409
1146,4.567790141
122,1.303271391
1130,2.196795394
1142,2.639842
625,-5.368147159
1357,0.291604751
357,1.635043252
1785,4.223339903
286,2.420476923
1102,-4.174430676
1754,1.623757274
626,-5.938696581
92,-0.439706332
1962,2.217247321
953,-1.675573207
1403,-1.293988133
622,-5.886029542
215,2.830359362
82,1.669088977
51,4.000357908
1304,-5.997474293
1319,-5.99047269
1107,-1.501536497
1794,-1.060143924
485,1.542372599
490,0.511798347
482,-4.811947852
1452,-5.994852223
1301,0.778440877
1710,-0.839196374
441,-2.405168335
725,-1.893837381
1706,0.932286804
378,1.228692473
459,-4.156856419
587,1.429723023
1135,-4.535316132
1624,2.64980156
498,-1.318215805
1960,0.090018515
1397,4.746036714
360,-0.425005764
1143,1.366195508
1994,-0.428048874
465,-5.990389155
1086,3.969468665
147,2.01310356
1079,0.923953305
1169,-4.365172858
55,3.187055435
966,0.349947711
372,-5.873848885
489,0.570653174
121,-5.833218119
1677,1.39921212
1414,1.13839376
1649,2.355826469
1127,4.839155661
177,0.494185245
747,1.021496542
1091,0.606898972
951,-2.352892823
1957,-0.87282154
134,1.821272931
1322,-5.998260494
1113,1.13664109
1744,3.114363351
137,1.556882494
1021,-1.662611287
1312,-5.979286718
1919,0.004443424
1409,-5.988145248
1373,0.97146851
1013,-0.642015284
621,-4.254624576
412,2.257038322
1993,-3.793830474
361,2.38458478
922,2.016908744
1542,-5.929232106
807,5.068568071
1325,-5.99673459
2029,-1.72343775
234,-0.89921836
906,0.842103557
1083,-5.996375377
306,-0.275323412
723,0.485414266
258,1.947470633
1882,-2.153994134
386,1.612170581
268,1.251880172
1038,-0.484406511
1643,0.86019314
151,2.217581755
1949,3.557786497
168,-3.132882592
692,0.561031011
74,-1.02541931
1965,-0.232136149
1213,0.055954849
2021,-2.573445717
1032,0.938689233
390,-5.213513322
663,-0.060112813
1577,-5.997720286
1674,1.01553337
1615,1.455292366
2052,2.730218823
1416,-3.487022871
649,1.18438404
233,2.145527757
111,3.296323085
1184,-3.551794834
161,1.768020764
155,-5.882276292
1665,1.493925518
1033,4.677609208
1068,-5.829082222
1281,3.869618495
1988,5.180501043
701,-0.73014305
1776,0.576674849
1375,3.421601818
221,1.115368178
2083,-1.545219082
1839,-1.247479638
1293,-5.991614682
176,-2.10294914
661,-3.984618995
1228,-0.350136451
1656,-1.245266212
1087,4.246217709
2000,0.50844405
1756,-5.645093013
216,4.234613024
1841,0.861288227
296,1.675936427
499,-5.987900827
243,-1.373484005
486,-0.733864862
954,-1.658123531
2118,2.421684572
403,0.922967231
1777,1.439822952
1958,-2.442505188
1469,2.653216038
269,1.435295732
1378,-3.344263328
124,2.64916999
689,2.515006228
1800,1.237849767
205,1.100197403
1768,-2.225404538
1386,-1.044007752
223,2.34194576
1119,1.217371913
1136,-1.225615346
1160,0.843837161
1316,-5.993933684
1836,-0.761466954
1635,0.477003917
1099,1.398946485
592,-5.043247989
501,-0.332955786
1601,-5.996881467
1216,-3.248683905
468,0.345388242
313,2.917857744
1150,-5.980612983
709,3.217413561
113,-5.995940886
1149,2.5855346
484,1.3244588
1803,2.712817328
1065,-1.33562283
1885,2.041997678
436,-0.559776106
100,4.36727433
1037,2.064577094
1196,-0.908654256
1891,3.113704969
280,2.021667034
297,-0.513951822
1551,-5.996581053
1133,-4.928276473
2035,1.992623225
714,1.641925194
53,1.713201053
364,4.234876496
411,0.128168512
135,0.590812322
1924,-0.334885926
1670,1.413241847
1396,-5.989786558
1344,-3.668260958
647,-2.910494844
1151,3.796933271
1770,-5.993118617
1990,-5.010930273
458,2.14863895
1244,2.516803668
1458,3.526091164
1806,0.005440688
247,2.431412584
1407,-3.585139608
716,3.409033506
1255,-5.992286067
1282,4.231583456
131,0.811234701
146,1.120268872
1392,-5.988775235
1831,-5.704246338
1031,-1.634985633
1153,0.52627066
1730,-0.531539438
301,0.808335114
1963,-1.334819505
417,-0.331731867
253,-1.254613171
1865,-2.345693583
101,1.342168223
420,-5.982052766
470,1.06321338
1719,-5.60416462
1297,0.443357554
774,3.118626537
379,1.675966442
648,-0.222562597
1895,-2.16639425
246,1.764603474
419,-2.352478177
309,1.910343902
274,1.301154657
1046,0.761377698
1596,-2.174595162
943,0.763611084
1854,2.299525184
1352,-5.996637711
736,-1.197651726
894,0.808359787
1881,0.153794085
1968,-0.876872982
1997,-2.603577196
228,4.655663819
957,-0.236489101
413,-0.933225083
1654,1.790176525
345,-5.519259981
273,2.840542284
219,2.237780931
1012,4.11279194
1808,2.147590028
585,0.376573352
383,-3.41155695
380,-2.307845819
226,1.808275628
1371,1.396505903
665,-0.497331483
1114,3.429591171
61,0.257946319
1379,-3.431515489
466,4.792231388
731,-0.37054187
1964,-1.586131436
1952,2.073324381
1589,-5.994453386
960,-4.773831242
1995,1.974028397
287,0.677832676
617,-3.516234518
1243,-5.995563158
850,-3.967607124
1568,-1.001652352
1840,1.096954686
271,-5.761801969
1116,1.195518146
477,0.626848028
1673,1.017932922
474,1.021725649
261,-1.024881608
1247,1.684966798
265,-5.031628404
405,-2.196983591
1814,-2.565205396
735,-0.510216581
97,-5.720377828
1669,3.303701571
1026,-0.922328326
2042,0.658368762
393,4.27378775
73,0.64147194
104,-5.991002334
410,-0.981274165
209,-4.32132774
363,-0.700390281
110,-0.816903466
1897,-3.099293296
1813,3.693918055
1045,1.567814884
1007,-5.996640675
1926,-4.296309668
1934,-0.896831152
60,-5.029937612
480,-2.152715975
1989,2.66101285
212,-5.98832322
1820,1.108893216
1399,-5.998087417
674,-1.295514864
540,2.655966812
1374,1.304401889
1862,-0.806949165
504,1.6560884
1545,0.567425043
2055,-1.296055123
1299,-5.998094398
385,0.163664249
1546,-1.990488945
377,3.680888571
460,-5.984196057
239,4.938773066
1380,-5.986581528
959,1.818601115
1103,2.605459421
279,0.823744409
744,-5.901415727
1097,1.606892576
676,0.954296929
249,-1.481785505
254,-5.995195804
443,-5.978424984
311,-5.867473011
1413,-5.9954312
1868,1.198793378
1056,2.633641209
830,1.981084042
653,0.02635452
2056,-4.192632628
1631,-5.998066787
120,3.015725312
1959,-2.442596978
172,-1.935341818
398,-0.478611619
1123,-5.983378024
478,-0.41041068
1268,-5.997644846
278,2.921811836
1766,5.18584063
479,-5.983964889
270,-0.335035989
257,3.374750877
1412,-1.07555867
1529,-5.950806821
1381,-0.932731945
1063,-2.409085211
1349,-1.129210256
756,3.374582165
224,0.393254485
1138,-3.56173125
292,-0.263550513
1688,-5.881473805
915,1.184409342
454,-0.195937958
64,-3.003258093
395,-0.410377611
308,-2.002454379
1307,-5.994724462
382,3.076480214
1333,-5.997685812
1110,-4.68322342
1834,1.007400523
1306,2.583310577
68,0.444044079
1245,-1.179847058
651,-0.351617094
1003,-5.996633454
1139,0.831588288
1650,-2.861249509
262,1.973493369
872,-5.849075322
1092,3.340525979
112,0.374250025
1855,1.713500082
654,-1.701314267
1844,-5.988611779
452,0.559677146
1752,-1.592922416
1511,-5.982790043
1189,2.069649335
2075,-3.783507428
755,2.326878923
1917,1.979751397
733,-0.842180675
1270,-1.686380249
1264,1.732068843
974,-3.650181147
341,-4.688113444
157,2.488372109
862,-5.060240712
639,3.055646786
1651,3.843530613
1090,-5.983197268
1658,-4.606034489
388,-4.265621894
2131,0.284114756
640,-1.774691803
1594,-5.99611656
1679,-5.989490096
1564,0.027402798
451,2.801946647
491,-2.739198446
2069,-5.988735638
376,1.695661576
404,0.854204011
1391,-1.28086732
684,1.180542451
1961,1.137465608
1050,3.635005719
597,-0.913688064
1334,-3.161710859
1246,0.9408062
1992,1.066987289
87,-2.390878606
46,2.156683857
2007,2.225628458
1796,-1.613007181
739,4.233080571
252,0.326260994
1530,-0.632436077
1883,-5.124760379
128,1.099761875
1632,0.346374969
1230,1.44351967
1972,4.828533558
1676,-1.403628536
2124,1.431633538
129,-0.311610736
56,-2.294651953
1784,2.3717992
514,4.041022633
81,0.941571604
2050,-2.281681043
1774,1.08060231
1637,1.435800765
1846,-5.980045973
1047,1.92132296
620,-4.694347932
1030,-5.988799974
1442,2.636226362
1884,4.329832831
1348,-5.99751676
1953,2.484101992
657,2.355737347
741,0.758624238
619,-5.209385693
488,-0.633805534
127,-2.6686389
1486,1.597968108
1861,-5.061000631
1115,0.36438139
1140,4.123066104
645,-1.536984509
687,-0.449993523
1376,-1.05830952
1974,3.029843301
1308,-5.992222682
293,3.251765241
1059,3.21587967
500,-5.995779856
71,4.244559361
630,5.426241418
1815,1.512067989
1930,1.153687728
91,-0.753954051
2127,-1.319496449
2054,0.564126833
475,2.220688497
1340,-5.993845802
95,2.371745512
1475,-0.133282378
1165,1.034655542
217,3.710710194
381,1.129404266
326,-5.992774164
553,2.587515625
1025,0.383100732
806,1.774091324
1367,-5.997009904
708,-2.545585393
637,2.536674305
2009,0.481515493
991,3.529294693
1922,0.172725747
315,-0.988749332
1826,1.176416968
1054,0.182403489
669,-5.98161576
1876,2.160604016
103,1.62238984
1661,0.901186941
694,-0.948383549
86,-2.643186172
77,-3.75368894
1904,-1.807902854
1595,2.490863728
1393,-5.997337657
1886,-0.356239027
1411,-4.719595135
1159,-5.970536186
772,-3.657664783
2059,0.256174979
1372,-5.993134664
1700,0.061753608
165,1.133994184
1434,-5.974969237
1315,-5.99715635
1991,0.573467117
399,-5.842960774
1860,-0.402473736
1638,1.693849772
659,0.75376958
1074,3.83605936
366,1.296611552
508,0.043716254
1048,-5.996702442
1901,-0.312307209
307,2.609358594
1415,-5.996100727
59,-5.984845748
1132,1.967772305
667,-1.485732201
2012,2.806407031
1384,-5.993582425
305,3.571171323
349,-0.717297735
989,-5.947193952
90,-0.401373325
1798,-2.07377796
1192,1.985697665
362,-5.989898788
225,-5.997716193
237,-0.611646163
502,1.09533984
304,2.136702289
445,-2.300161206
832,-3.769611764
1900,-5.99398707
2016,-0.9983773
2128,-2.263885605
1117,1.957335683
138,-2.034864441
730,-5.997792404
439,-1.647948806
314,-1.29575853
635,1.071605242
1856,-5.948950677
1859,-1.809227107
1690,-5.996365118
1880,-2.48787331
102,4.607796651
2027,1.413454784
143,1.069850121
204,-5.989199809
263,0.364996632
1201,0.638898649
1096,1.705728441
1704,1.134681016
1872,0.793444198
109,2.463293539
1548,-1.270933417
2141,-1.570851325
697,0.896621635
1163,2.450246102
1194,-4.572834582
722,0.144132521
218,0.789906463
421,-3.731937739
299,2.856040621
1780,2.781084298
2032,-0.626065315
133,4.359940773
167,1.896022098
1134,-3.500509823
288,-0.18560172
1921,-3.882237472
66,-5.481421008
1977,-5.986311756
1062,-0.545892828
88,-2.54671492
790,2.78811456
335,-4.482900113
947,-1.692399477
1060,1.787011932
1795,1.991746762
93,-2.790448817
2063,-5.472144869
162,0.727039692
732,0.353604016
449,3.04289702
641,0.248854109
1720,-1.815523229
457,-5.997169397
710,-0.326921241
1423,3.155569972
85,2.940461672
1055,3.199839781
476,-4.318273082
1094,1.015353805
1005,-0.996847909
251,-1.668381603
284,-4.508028846
1250,0.982435429
2081,-5.993848042
1905,1.613915805
1118,-5.973397614
1822,-5.374752982
464,-5.33363196
384,3.226174348
1867,-2.362236072
272,-2.161629047
266,-0.735625884
589,0.646404826
539,2.45247745
1896,0.137316316
170,-1.226077555
920,2.253385871
206,-2.852615554
455,-0.592068632
1015,3.475396587
1288,-2.034264284
1715,-1.824411518
1001,0.156676061
1787,1.687447382
123,3.151202102
1071,0.435616303
1156,1.525594893
1911,-0.450280662
1385,-5.529180059
1484,1.463143006
1058,-5.993318152
734,-3.175098616
1970,2.292189531
973,-3.133261132
1390,-5.993920193
1125,-1.194606546
447,-1.132681654
1848,-5.995361948
1265,-5.945271005
1035,-5.985695816
950,0.010380642
588,1.308338657
4,4.207707805
62,1.789604559
1473,-5.990555759
990,1.478120637
962,0.484089915
1180,-5.987424184
99,1.078327268
512,2.565707307
560,3.911008147
1436,-0.77843282
300,2.981199416
214,-5.974667399
1419,-3.487298682
537,4.150898367
919,-1.315194208
1446,-5.998365278
389,1.318037086
802,1.818978047
130,0.52406065
1789,0.058216854
1627,1.514890126
1833,-0.631857407
58,-4.500315424
662,-1.841704384
119,4.367827118
416,-4.112804458
467,-0.597092643
1298,-2.199639635
993,1.991541941
1052,-1.44952831
720,0.018184867
312,1.121706071
1248,0.086819065
1061,-5.966351456
1081,0.980484819
1229,-0.299425744
1849,0.900667995
1765,-1.79994713
1179,2.576417226
1260,-1.523535404
1899,-0.130989817
248,-0.143325921
238,0.422074939
256,1.819139315
845,-0.288401069
506,-0.146825534
2031,-2.276781948
222,5.153942039
1783,1.247252156
1254,1.467647426
1447,-5.851139186
2076,-1.782831473
211,-5.694794379
1077,-1.205411056
1106,-1.990903117
115,0.828796153
1920,-3.026711644
1573,1.533256376
1167,-0.585878926
2117,1.617784844
650,-1.764513354
754,-0.231075046
96,-5.896813717
117,-5.725061296
693,-5.989101696
1042,-0.72904086
1198,4.481400067
1168,4.511800321
1023,2.531221253
1910,1.322737853
1362,-2.578356738
798,-5.417722357
546,0.062386347
1622,2.383423398
1852,0.779139229
232,-0.736018785
2060,1.15536847
142,-0.899522581
2017,-3.460093443
1029,1.425201243
132,0.292960525
1148,3.056001634
184,2.856292815
373,0.673397342
118,3.567820406
958,0.682761055
1280,-1.956623418
967,1.897890879
1155,-5.758631175
1779,-5.97722196
54,1.731454396
987,1.373776011
1453,-5.991956815
125,-0.515410934
208,-5.993122444
969,2.801085407
160,2.215627094
1137,-5.995775357
799,-4.084640124
277,-5.968706835
1219,-4.045266406
1075,-0.358070819
1607,3.857886212
1816,1.437833347
1570,-5.996701485
434,-3.976456499
1981,3.496215649
166,0.960066808
1337,-5.995629403
1355,-5.958656707
1382,-1.896442346
242,2.386840348
1051,-5.984141733
1430,0.825946197
1619,2.502660438
1781,1.835588276
1683,1.274609747
1956,-1.668648636
986,-0.036572626
98,-0.763320601
1508,-5.95194631
295,-5.898096212
1608,1.771587077
513,3.214403127
1131,1.37095972
584,2.977784645
1681,-0.406161379
2030,-1.335177281
141,1.769108593
1080,0.277185413
965,1.77275785
72,0.553443426
70,-0.164966917
207,-5.817405477
2051,0.385879844
1636,-5.986548706
108,1.384683205
107,5.133205605
1158,-5.981703511
291,-5.996375943
1095,-4.864086006
548,1.516596798
1566,-0.018789681
116,-2.620532877
1857,-5.962458682
1364,-5.996037671
941,2.092924732
1101,1.069320281
231,0.708201766
57,3.789950021
1395,-5.99076793
1620,0.107554905
1966,-1.303743194
1343,-5.994398256
1721,2.702338811
78,2.085807862
126,3.560616465
1070,3.807331283
751,3.375321177
521,1.847622073
1212,-2.303722486
1341,-4.322535283
408,-0.559472397
1073,1.742081654
106,1.163130505
370,1.201698278
2037,-5.972845508
945,2.239690765
1927,0.875823519
294,2.00339294
1076,0.699820005
1592,-5.993311704
1128,0.63760845
365,-0.910135202
1938,-5.901048888
1017,3.649078745
627,2.444000013
1252,1.800186961
1200,3.173097367
1837,-4.310822517
496,-3.678939652
2058,3.805419847
1790,0.738830633
1553,0.704090943
285,-3.613040036
83,0.357385834
998,2.034560327
391,-1.121551902
1582,-5.993495342
948,-2.444046214
629,1.662214823
1642,2.852902115
444,-2.749193821
599,0.030773196
289,-5.985232
1039,-5.977282988
2108,1.472758239
105,0.714201371
1345,-3.379176587
519,1.081317202
503,-5.993399994
1804,1.442723113
971,-1.237309777
2078,0.487369828
63,-4.79439134
2106,-5.436165003
515,-3.055202944
1088,3.792904311
